"","StockKeyLabel","AssessmentYear","Year","SSB","Recruitment","F"
"1","aru.27.5b6a",2022,1995,121425,104317,0.144
"2","aru.27.5b6a",2022,1996,105201,109635,0.128
"3","aru.27.5b6a",2022,1997,105565,105811,0.155
"4","aru.27.5b6a",2022,1998,99065,109197,0.287
"5","aru.27.5b6a",2022,1999,90032,102606,0.233
"6","aru.27.5b6a",2022,2000,91475,102726,0.162
"7","aru.27.5b6a",2022,2001,94223,98048,0.309
"8","aru.27.5b6a",2022,2002,89230,95349,0.254
"9","aru.27.5b6a",2022,2003,90155,90212,0.115
"10","aru.27.5b6a",2022,2004,96875,88479,0.067
"11","aru.27.5b6a",2022,2005,101855,88711,0.1
"12","aru.27.5b6a",2022,2006,111399,89261,0.114
"13","aru.27.5b6a",2022,2007,119483,92845,0.098
"14","aru.27.5b6a",2022,2008,119394,92997,0.144
"15","aru.27.5b6a",2022,2009,113570,97100,0.179
"16","aru.27.5b6a",2022,2010,108283,104137,0.26
"17","aru.27.5b6a",2022,2011,96179,107781,0.32
"18","aru.27.5b6a",2022,2012,87917,111779,0.196
"19","aru.27.5b6a",2022,2013,83232,113113,0.304
"20","aru.27.5b6a",2022,2014,78089,109610,0.2
"21","aru.27.5b6a",2022,2015,79279,104078,0.204
"22","aru.27.5b6a",2022,2016,82324,98209,0.203
"23","aru.27.5b6a",2022,2017,78452,104078,0.231
"24","aru.27.5b6a",2022,2018,74854,NA,0.144
"25","aru.27.5b6a",2022,2019,78671,NA,0.192
"26","aru.27.5b6a",2022,2020,84107,NA,0.145
"27","aru.27.5b6a",2022,2021,90958,NA,0.185
"28","aru.27.5b6a",2022,2022,89158,NA,NA
"29","bli.27.5b67",2022,1995,65099.1676888412,3381.2,0.12603
"30","bli.27.5b67",2022,1996,65466.406384193,3683.1,0.13231
"31","bli.27.5b67",2022,1997,67430.6406477095,3677.3,0.17005
"32","bli.27.5b67",2022,1998,64960.1323650303,3334.3,0.1739
"33","bli.27.5b67",2022,1999,65762.9062562843,3181.5,0.21077
"34","bli.27.5b67",2022,2000,61685.2592902047,2960.7,0.2167
"35","bli.27.5b67",2022,2001,58983.0208445561,2694,0.23269
"36","bli.27.5b67",2022,2002,53590.2194598272,2668.7,0.18273
"37","bli.27.5b67",2022,2003,52133.5650680766,2620.8,0.16181
"38","bli.27.5b67",2022,2004,53376.5669306028,2250.9,0.12351
"39","bli.27.5b67",2022,2005,57155.6773305034,2437.5,0.10927
"40","bli.27.5b67",2022,2006,61040.8634121177,3055.8,0.11165
"41","bli.27.5b67",2022,2007,63149.6212207149,2783.3,0.10272
"42","bli.27.5b67",2022,2008,64838.4111315212,2823.8,0.0747
"43","bli.27.5b67",2022,2009,67146.5373755545,2643.7,0.07437
"44","bli.27.5b67",2022,2010,68237.4503500887,3543.3,0.08358
"45","bli.27.5b67",2022,2011,68500.9599019596,4609.3,0.05135
"46","bli.27.5b67",2022,2012,70443.8897424896,4004.2,0.05606
"47","bli.27.5b67",2022,2013,70648.6653346764,3168,0.04445
"48","bli.27.5b67",2022,2014,72117.1099679413,NA,0.05029
"49","bli.27.5b67",2022,2015,75027.7957604728,NA,0.04711
"50","bli.27.5b67",2022,2016,76982.9895293246,NA,0.04885
"51","bli.27.5b67",2022,2017,78684.4856427745,NA,0.0387
"52","bli.27.5b67",2022,2018,80265.2527498507,NA,0.04784
"53","bli.27.5b67",2022,2019,83902.0726322266,NA,0.04601
"54","bli.27.5b67",2022,2020,90851.590612075,NA,0.04447
"55","bli.27.5b67",2022,2021,95477.8983986449,NA,0.05568
"56","bli.27.5b67",2022,2022,95514.988047806,NA,NA
"57","bss.27.4bc7ad-h",2021,1985,23458.1,858.113,0.1034627
"58","bss.27.4bc7ad-h",2021,1986,20629.8,2507.24,0.1220908
"59","bss.27.4bc7ad-h",2021,1987,18445.7,21261.4,0.1596367
"60","bss.27.4bc7ad-h",2021,1988,16791.1,17341,0.1284094
"61","bss.27.4bc7ad-h",2021,1989,16163.7,91287.5,0.1291675
"62","bss.27.4bc7ad-h",2021,1990,14827.5,7456.55,0.1310743
"63","bss.27.4bc7ad-h",2021,1991,13002,15421.9,0.1506857
"64","bss.27.4bc7ad-h",2021,1992,11421.6,22821.3,0.152536
"65","bss.27.4bc7ad-h",2021,1993,11825.4,8729.2,0.1457289
"66","bss.27.4bc7ad-h",2021,1994,14493.5,33723,0.1305484
"67","bss.27.4bc7ad-h",2021,1995,18233.8,50199.5,0.1434664
"68","bss.27.4bc7ad-h",2021,1996,20206.1,3153.21,0.1972296
"69","bss.27.4bc7ad-h",2021,1997,19367.9,57980.1,0.1839774
"70","bss.27.4bc7ad-h",2021,1998,18116.5,17300.8,0.1792867
"71","bss.27.4bc7ad-h",2021,1999,17486.7,56876.4,0.1929948
"72","bss.27.4bc7ad-h",2021,2000,17573.6,24520.4,0.1776792
"73","bss.27.4bc7ad-h",2021,2001,18559.2,27540,0.1777983
"74","bss.27.4bc7ad-h",2021,2002,19420.2,43463.3,0.1754968
"75","bss.27.4bc7ad-h",2021,2003,20639.9,44286.3,0.2052478
"76","bss.27.4bc7ad-h",2021,2004,21395.2,33889.5,0.2109452
"77","bss.27.4bc7ad-h",2021,2005,21909.6,22741.3,0.2397736
"78","bss.27.4bc7ad-h",2021,2006,21418.3,24431.9,0.2419195
"79","bss.27.4bc7ad-h",2021,2007,20929.3,28175.4,0.2276021
"80","bss.27.4bc7ad-h",2021,2008,21185.3,14729.6,0.2261883
"81","bss.27.4bc7ad-h",2021,2009,21443.8,12940.1,0.2186966
"82","bss.27.4bc7ad-h",2021,2010,21171.9,2513.99,0.2554828
"83","bss.27.4bc7ad-h",2021,2011,19566.1,10481.4,0.2374672
"84","bss.27.4bc7ad-h",2021,2012,18100.4,4586.2,0.2592886
"85","bss.27.4bc7ad-h",2021,2013,16176.4,16353.7,0.2994173
"86","bss.27.4bc7ad-h",2021,2014,13483.1,27690.9,0.2422148
"87","bss.27.4bc7ad-h",2021,2015,11408.2,5337.03,0.2230145
"88","bss.27.4bc7ad-h",2021,2016,9496.04,20924.6,0.1407156
"89","bss.27.4bc7ad-h",2021,2017,8708.86,5458.45,0.1168849
"90","bss.27.4bc7ad-h",2021,2018,8720.1,17018.6,0.1036627
"91","bss.27.4bc7ad-h",2021,2019,9543.17,9696,0.1010114
"92","bss.27.4bc7ad-h",2021,2020,10772.8,9696,0.1086823
"93","bss.27.4bc7ad-h",2021,2021,11619.4,9696,NA
"94","cod.27.6a",2021,1981,43283,24180,0.677
"95","cod.27.6a",2021,1982,42496,14158,0.719
"96","cod.27.6a",2021,1983,35778,24072,0.784
"97","cod.27.6a",2021,1984,30417,10611,0.857
"98","cod.27.6a",2021,1985,25407,21463,0.914
"99","cod.27.6a",2021,1986,21989,43214,0.875
"100","cod.27.6a",2021,1987,24080,7331,0.906
"101","cod.27.6a",2021,1988,26692,21484,0.908
"102","cod.27.6a",2021,1989,24972,7985,0.925
"103","cod.27.6a",2021,1990,19319,11755,0.868
"104","cod.27.6a",2021,1991,16182,21811,0.895
"105","cod.27.6a",2021,1992,14300,7867,0.894
"106","cod.27.6a",2021,1993,14315,13868,0.89
"107","cod.27.6a",2021,1994,14092,10236,0.889
"108","cod.27.6a",2021,1995,13096,4230,0.906
"109","cod.27.6a",2021,1996,11009,17060,0.94
"110","cod.27.6a",2021,1997,9366,5443,0.966
"111","cod.27.6a",2021,1998,9144,4309,0.967
"112","cod.27.6a",2021,1999,7727,14632,0.971
"113","cod.27.6a",2021,2000,6684,4145,0.967
"114","cod.27.6a",2021,2001,6995,6995,0.988
"115","cod.27.6a",2021,2002,6438,2311,1.001
"116","cod.27.6a",2021,2003,5242,3248,1.032
"117","cod.27.6a",2021,2004,3659,2222,1.058
"118","cod.27.6a",2021,2005,2629,7256,1.067
"119","cod.27.6a",2021,2006,2495,2470,1.049
"120","cod.27.6a",2021,2007,3112,1772,1.026
"121","cod.27.6a",2021,2008,3124,5475,1.032
"122","cod.27.6a",2021,2009,2544,6397,1.07
"123","cod.27.6a",2021,2010,2930,2416,1.013
"124","cod.27.6a",2021,2011,3797,4136,0.972
"125","cod.27.6a",2021,2012,3842,7440,0.847
"126","cod.27.6a",2021,2013,3945,6313,0.771
"127","cod.27.6a",2021,2014,4984,5842,0.709
"128","cod.27.6a",2021,2015,6246,2181,0.667
"129","cod.27.6a",2021,2016,6702,1933,0.654
"130","cod.27.6a",2021,2017,6173,912,0.702
"131","cod.27.6a",2021,2018,4488,4028,0.745
"132","cod.27.6a",2021,2019,2988,2412,0.769
"133","cod.27.6a",2021,2020,2630,1614,0.749
"134","cod.27.6a",2021,2021,2893,NA,NA
"135","cod.27.7a",2018,1968,15691.18,49788.78,0.5998134
"136","cod.27.7a",2018,1969,15242.27,70916.94,0.7956164
"137","cod.27.7a",2018,1970,11707.45,116626.7,0.5953286
"138","cod.27.7a",2018,1971,12866.84,41581.58,0.654678
"139","cod.27.7a",2018,1972,16340.44,110047.9,0.5752746
"140","cod.27.7a",2018,1973,20615.62,25382.48,0.7452568
"141","cod.27.7a",2018,1974,17311.28,87804.34,0.6679787
"142","cod.27.7a",2018,1975,17776.95,27893.89,0.7441629
"143","cod.27.7a",2018,1976,13812.04,42582.61,0.7548844
"144","cod.27.7a",2018,1977,13267.95,45993.25,0.7758029
"145","cod.27.7a",2018,1978,9780.457,95694.92,0.5610353
"146","cod.27.7a",2018,1979,10647.01,113785.2,0.6533298
"147","cod.27.7a",2018,1980,12503.23,64883.32,0.6731656
"148","cod.27.7a",2018,1981,17616.41,28800.81,0.7520822
"149","cod.27.7a",2018,1982,20117.97,41796.86,0.8408951
"150","cod.27.7a",2018,1983,16537.1,65423.43,0.7725374
"151","cod.27.7a",2018,1984,11647.1,62609.76,0.7420728
"152","cod.27.7a",2018,1985,11915.26,49816.97,0.8126584
"153","cod.27.7a",2018,1986,12219.6,140508.4,0.8110997
"154","cod.27.7a",2018,1987,13039.56,67137.92,0.939897
"155","cod.27.7a",2018,1988,12465.5,30475.62,0.9739298
"156","cod.27.7a",2018,1989,14053.13,35851.21,1.094396
"157","cod.27.7a",2018,1990,9878.955,39224.54,0.8858251
"158","cod.27.7a",2018,1991,7128.088,66160.06,1.106962
"159","cod.27.7a",2018,1992,6047.362,15559.25,1.170421
"160","cod.27.7a",2018,1993,5729.53,42872.35,1.265724
"161","cod.27.7a",2018,1994,4908.016,34669.43,1.329407
"162","cod.27.7a",2018,1995,3515.417,33208.94,0.9457197
"163","cod.27.7a",2018,1996,4417.016,49018.61,1.012121
"164","cod.27.7a",2018,1997,5222.717,15143.05,1.061036
"165","cod.27.7a",2018,1998,5766.259,3913.782,0.9578882
"166","cod.27.7a",2018,1999,5256.15,28820.11,1.75681
"167","cod.27.7a",2018,2000,1592.532,11840.57,1.354877
"168","cod.27.7a",2018,2001,2765.786,14782.96,0.9781275
"169","cod.27.7a",2018,2002,3243.844,5194.148,1.29777
"170","cod.27.7a",2018,2003,2456.97,8858.996,0.96812
"171","cod.27.7a",2018,2004,2239.831,5039.796,0.8607702
"172","cod.27.7a",2018,2005,2157.03,5505.867,0.9046863
"173","cod.27.7a",2018,2006,1855.022,6282.431,1.045625
"174","cod.27.7a",2018,2007,1756.104,1301.582,1.015422
"175","cod.27.7a",2018,2008,1621.178,4474.757,1.074138
"176","cod.27.7a",2018,2009,1046.168,8134.283,1.028109
"177","cod.27.7a",2018,2010,1288.842,4084.52,1.048475
"178","cod.27.7a",2018,2011,1534.72,4466.403,0.36833
"179","cod.27.7a",2018,2012,1945.987,6435.362,0.6724045
"180","cod.27.7a",2018,2013,2058.758,9012.852,0.2319403
"181","cod.27.7a",2018,2014,3101.298,4621.101,0.1668795
"182","cod.27.7a",2018,2015,4146.315,8298.284,0.1027587
"183","cod.27.7a",2018,2016,4891.5,670.0225,0.04357486
"184","cod.27.7a",2018,2017,6938.838,8018.318,0.03921499
"185","cod.27.7a",2018,2018,8109.61645933666,5107,NA
"186","cod.27.7e-k",2021,1980,10166,7657,0.915
"187","cod.27.7e-k",2021,1981,12924,3551,0.893
"188","cod.27.7e-k",2021,1982,13050,7917,0.827
"189","cod.27.7e-k",2021,1983,10605,9034,0.849
"190","cod.27.7e-k",2021,1984,8264,7623,0.745
"191","cod.27.7e-k",2021,1985,9816,8227,0.751
"192","cod.27.7e-k",2021,1986,10992,27431,0.809
"193","cod.27.7e-k",2021,1987,10305,13844,0.831
"194","cod.27.7e-k",2021,1988,15858,4611,0.774
"195","cod.27.7e-k",2021,1989,22338,6289,0.819
"196","cod.27.7e-k",2021,1990,17747,16225,0.896
"197","cod.27.7e-k",2021,1991,11103,18451,0.968
"198","cod.27.7e-k",2021,1992,10339,9545,0.957
"199","cod.27.7e-k",2021,1993,13492,20029,0.934
"200","cod.27.7e-k",2021,1994,13533,16407,0.968
"201","cod.27.7e-k",2021,1995,13827,11876,0.94
"202","cod.27.7e-k",2021,1996,15873,12548,0.961
"203","cod.27.7e-k",2021,1997,14406,7725,0.929
"204","cod.27.7e-k",2021,1998,12947,4133,0.96
"205","cod.27.7e-k",2021,1999,10667,16020,0.971
"206","cod.27.7e-k",2021,2000,7440,14945,0.95
"207","cod.27.7e-k",2021,2001,8724,5272,0.977
"208","cod.27.7e-k",2021,2002,11612,3263,1
"209","cod.27.7e-k",2021,2003,9174,4292,0.971
"210","cod.27.7e-k",2021,2004,5382,8015,0.946
"211","cod.27.7e-k",2021,2005,4169,8455,0.992
"212","cod.27.7e-k",2021,2006,5471,6387,0.914
"213","cod.27.7e-k",2021,2007,6765,2164,0.905
"214","cod.27.7e-k",2021,2008,6818,5344,0.881
"215","cod.27.7e-k",2021,2009,5465,24984,0.892
"216","cod.27.7e-k",2021,2010,5403,9366,0.868
"217","cod.27.7e-k",2021,2011,9240,1683,0.855
"218","cod.27.7e-k",2021,2012,14412,2246,0.92
"219","cod.27.7e-k",2021,2013,10347,12135,0.983
"220","cod.27.7e-k",2021,2014,6214,1074,0.9
"221","cod.27.7e-k",2021,2015,6552,2398,0.925
"222","cod.27.7e-k",2021,2016,5981,620,0.968
"223","cod.27.7e-k",2021,2017,3265,1526,1.151
"224","cod.27.7e-k",2021,2018,1655,4056,1.231
"225","cod.27.7e-k",2021,2019,1036,1488,1.287
"226","cod.27.7e-k",2021,2020,1395,1526,1.15
"227","cod.27.7e-k",2021,2021,1710,NA,NA
"228","dgs.27.nea",2020,1905,332529,410722,0.00588284
"229","dgs.27.nea",2020,1906,330656,411052,0.00179472
"230","dgs.27.nea",2020,1907,330095,411145,0.0011665
"231","dgs.27.nea",2020,1908,329740,411203,0.00115185
"232","dgs.27.nea",2020,1909,329406,411257,0.00165401
"233","dgs.27.nea",2020,1910,328936,411331,0.00127981
"234","dgs.27.nea",2020,1911,328611,411382,0.00160344
"235","dgs.27.nea",2020,1912,328213,411443,0.00262312
"236","dgs.27.nea",2020,1913,327526,411544,0.00332627
"237","dgs.27.nea",2020,1914,326652,411665,0.00217363
"238","dgs.27.nea",2020,1915,326171,411730,0.00214373
"239","dgs.27.nea",2020,1916,325729,411787,0.000440313
"240","dgs.27.nea",2020,1917,325853,411773,0.000279354
"241","dgs.27.nea",2020,1918,326062,411748,0.000371306
"242","dgs.27.nea",2020,1919,326276,411722,0.00218736
"243","dgs.27.nea",2020,1920,325950,411765,0.00361912
"244","dgs.27.nea",2020,1921,325200,411858,0.00438924
"245","dgs.27.nea",2020,1922,324230,411971,0.00446646
"246","dgs.27.nea",2020,1923,323257,412076,0.00468814
"247","dgs.27.nea",2020,1924,322237,412178,0.00528176
"248","dgs.27.nea",2020,1925,321062,412284,0.00560043
"249","dgs.27.nea",2020,1926,319828,412383,0.00608364
"250","dgs.27.nea",2020,1927,318494,412475,0.00704072
"251","dgs.27.nea",2020,1928,316926,412563,0.00801645
"252","dgs.27.nea",2020,1929,315130,412638,0.00788097
"253","dgs.27.nea",2020,1930,313451,412682,0.0101148
"254","dgs.27.nea",2020,1931,311182,412703,0.0101072
"255","dgs.27.nea",2020,1932,309015,412681,0.0143559
"256","dgs.27.nea",2020,1933,305689,412568,0.0175256
"257","dgs.27.nea",2020,1934,301570,412294,0.0178338
"258","dgs.27.nea",2020,1935,297536,411882,0.0196911
"259","dgs.27.nea",2020,1936,293157,411273,0.0187176
"260","dgs.27.nea",2020,1937,289275,410592,0.0216166
"261","dgs.27.nea",2020,1938,284810,409645,0.0166291
"262","dgs.27.nea",2020,1939,281990,408949,0.0185055
"263","dgs.27.nea",2020,1940,278896,408104,0.00873714
"264","dgs.27.nea",2020,1941,278713,408030,0.00808668
"265","dgs.27.nea",2020,1942,278923,408067,0.00980794
"266","dgs.27.nea",2020,1943,278867,408032,0.00754487
"267","dgs.27.nea",2020,1944,279600,408222,0.00749515
"268","dgs.27.nea",2020,1945,280476,408451,0.00621292
"269","dgs.27.nea",2020,1946,281788,408793,0.00995133
"270","dgs.27.nea",2020,1947,282112,408878,0.015424
"271","dgs.27.nea",2020,1948,280922,408575,0.0178754
"272","dgs.27.nea",2020,1949,279035,408070,0.0212392
"273","dgs.27.nea",2020,1950,276208,407254,0.023054
"274","dgs.27.nea",2020,1951,272899,406210,0.03322
"275","dgs.27.nea",2020,1952,266927,404079,0.0388753
"276","dgs.27.nea",2020,1953,259669,401071,0.0374631
"277","dgs.27.nea",2020,1954,253079,397939,0.0405845
"278","dgs.27.nea",2020,1955,246053,394173,0.0440786
"279","dgs.27.nea",2020,1956,238607,389704,0.0491107
"280","dgs.27.nea",2020,1957,230488,384272,0.0489266
"281","dgs.27.nea",2020,1958,223011,378743,0.0554348
"282","dgs.27.nea",2020,1959,214696,372023,0.0536398
"283","dgs.27.nea",2020,1960,207459,361399,0.0626665
"284","dgs.27.nea",2020,1961,198988,353052,0.069142
"285","dgs.27.nea",2020,1962,189969,342814,0.0710715
"286","dgs.27.nea",2020,1963,181386,331697,0.0801009
"287","dgs.27.nea",2020,1964,171923,318402,0.080638
"288","dgs.27.nea",2020,1965,163247,305015,0.0688521
"289","dgs.27.nea",2020,1966,157356,294536,0.0612779
"290","dgs.27.nea",2020,1967,153273,286505,0.0645581
"291","dgs.27.nea",2020,1968,149139,278949,0.0838848
"292","dgs.27.nea",2020,1969,142476,268770,0.081121
"293","dgs.27.nea",2020,1970,136796,267140,0.0768534
"294","dgs.27.nea",2020,1971,132152,263086,0.0762085
"295","dgs.27.nea",2020,1972,127899,262401,0.086876
"296","dgs.27.nea",2020,1973,122463,259167,0.0887619
"297","dgs.27.nea",2020,1974,117077,256435,0.0856347
"298","dgs.27.nea",2020,1975,112330,255393,0.0859297
"299","dgs.27.nea",2020,1976,107745,257268,0.0890642
"300","dgs.27.nea",2020,1977,103011,254234,0.0887553
"301","dgs.27.nea",2020,1978,98567.5,239955,0.102886
"302","dgs.27.nea",2020,1979,92939.7,218424,0.0871782
"303","dgs.27.nea",2020,1980,89279.2,201978,0.0960533
"304","dgs.27.nea",2020,1981,85226.1,186439,0.0967953
"305","dgs.27.nea",2020,1982,81570.3,176741,0.0813224
"306","dgs.27.nea",2020,1983,79422.9,175534,0.0950909
"307","dgs.27.nea",2020,1984,76223.6,165603,0.0935682
"308","dgs.27.nea",2020,1985,73382.8,155728,0.105733
"309","dgs.27.nea",2020,1986,70022.8,154396,0.0875636
"310","dgs.27.nea",2020,1987,68691.6,151916,0.123676
"311","dgs.27.nea",2020,1988,64704.2,146326,0.110256
"312","dgs.27.nea",2020,1989,62082.9,149195,0.0985767
"313","dgs.27.nea",2020,1990,60310.2,141481,0.101757
"314","dgs.27.nea",2020,1991,58043.4,150016,0.105053
"315","dgs.27.nea",2020,1992,55429.6,139977,0.107397
"316","dgs.27.nea",2020,1993,52948.3,125495,0.0999468
"317","dgs.27.nea",2020,1994,50648.3,122513,0.0848058
"318","dgs.27.nea",2020,1995,49159.2,110081,0.087758
"319","dgs.27.nea",2020,1996,47974.4,110676,0.0728851
"320","dgs.27.nea",2020,1997,47537.6,111196,0.0653556
"321","dgs.27.nea",2020,1998,47500.7,110517,0.0596335
"322","dgs.27.nea",2020,1999,47772.1,108857,0.0533917
"323","dgs.27.nea",2020,2000,48294.1,110300,0.0685221
"324","dgs.27.nea",2020,2001,48116.2,109414,0.0733626
"325","dgs.27.nea",2020,2002,47663.1,111693,0.050361
"326","dgs.27.nea",2020,2003,48209.6,117282,0.0554123
"327","dgs.27.nea",2020,2004,48416.6,119778,0.0428418
"328","dgs.27.nea",2020,2005,49012.5,122471,0.0387717
"329","dgs.27.nea",2020,2006,49416.2,121151,0.0187455
"330","dgs.27.nea",2020,2007,50762.5,126186,0.0131054
"331","dgs.27.nea",2020,2008,52279.8,132629,0.00794633
"332","dgs.27.nea",2020,2009,54150.4,140680,0.0111042
"333","dgs.27.nea",2020,2010,55908.2,156007,0.0101373
"334","dgs.27.nea",2020,2011,57666.7,139083,0.00989675
"335","dgs.27.nea",2020,2012,59401.7,139111,0.00965161
"336","dgs.27.nea",2020,2013,61123.9,144843,0.00939645
"337","dgs.27.nea",2020,2014,62862.1,143472,0.00913487
"338","dgs.27.nea",2020,2015,64638.1,148238,0.00888315
"339","dgs.27.nea",2020,2016,66443.4,158787,0.00865784
"340","dgs.27.nea",2020,2017,68260.4,162968,0.008437
"341","dgs.27.nea",2020,2018,70102.8,166211,0.00820304
"342","dgs.27.nea",2020,2019,72031.4,158133,0.00799617
"343","dgs.27.nea",2020,2020,74112.8,171756,NA
"344","had.27.46a20",2022,1972,447664,12649827,0.798
"345","had.27.46a20",2022,1973,417535,32687783,0.773
"346","had.27.46a20",2022,1974,325315,64979645,0.793
"347","had.27.46a20",2022,1975,297219,6249833,0.886
"348","had.27.46a20",2022,1976,415182,7216914,0.881
"349","had.27.46a20",2022,1977,320170,10302559,0.877
"350","had.27.46a20",2022,1978,157491,18077321,0.894
"351","had.27.46a20",2022,1979,138197,29049767,0.842
"352","had.27.46a20",2022,1980,190866,7730850,0.766
"353","had.27.46a20",2022,1981,295790,12568912,0.64
"354","had.27.46a20",2022,1982,334187,7520588,0.649
"355","had.27.46a20",2022,1983,269887,22651401,0.735
"356","had.27.46a20",2022,1984,229279,5967728,0.789
"357","had.27.46a20",2022,1985,272109,7974824,0.826
"358","had.27.46a20",2022,1986,242521,12651223,0.88
"359","had.27.46a20",2022,1987,175563,2068253,0.936
"360","had.27.46a20",2022,1988,160702,2182966,0.897
"361","had.27.46a20",2022,1989,140052,3331710,0.894
"362","had.27.46a20",2022,1990,84855,7883152,0.872
"363","had.27.46a20",2022,1991,72369,12172282,0.945
"364","had.27.46a20",2022,1992,108819,16645721,0.865
"365","had.27.46a20",2022,1993,169965,5458651,0.912
"366","had.27.46a20",2022,1994,189463,18014805,0.86
"367","had.27.46a20",2022,1995,182341,7732879,0.725
"368","had.27.46a20",2022,1996,214411,8352530,0.797
"369","had.27.46a20",2022,1997,236707,3918301,0.723
"370","had.27.46a20",2022,1998,193454,3125460,0.784
"371","had.27.46a20",2022,1999,137730,36390173,0.886
"372","had.27.46a20",2022,2000,117042,8706721,0.792
"373","had.27.46a20",2022,2001,284289,1297496,0.571
"374","had.27.46a20",2022,2002,368458,1559523,0.451
"375","had.27.46a20",2022,2003,270109,1136921,0.314
"376","had.27.46a20",2022,2004,188026,1113678,0.326
"377","had.27.46a20",2022,2005,136860,4611225,0.389
"378","had.27.46a20",2022,2006,99835,1424468,0.497
"379","had.27.46a20",2022,2007,106115,1038390,0.482
"380","had.27.46a20",2022,2008,113882,822127,0.381
"381","had.27.46a20",2022,2009,88656,4116082,0.328
"382","had.27.46a20",2022,2010,88234,499120,0.306
"383","had.27.46a20",2022,2011,113933,329439,0.294
"384","had.27.46a20",2022,2012,139435,600032,0.286
"385","had.27.46a20",2022,2013,113522,657116,0.296
"386","had.27.46a20",2022,2014,86111,4126647,0.37
"387","had.27.46a20",2022,2015,75981,1214108,0.439
"388","had.27.46a20",2022,2016,105109,1426828,0.374
"389","had.27.46a20",2022,2017,110232,662496,0.336
"390","had.27.46a20",2022,2018,100671,1980231,0.355
"391","had.27.46a20",2022,2019,84858,6810487,0.33
"392","had.27.46a20",2022,2020,107457,7955652,0.278
"393","had.27.46a20",2022,2021,207210,2499031,0.211
"394","had.27.46a20",2022,2022,412059,1623040,NA
"395","had.27.6b",2021,1991,15262,109018,0.7347
"396","had.27.6b",2021,1992,18330,122000,0.8377
"397","had.27.6b",2021,1993,19413,68239,0.6384
"398","had.27.6b",2021,1994,23717,61263,0.6069
"399","had.27.6b",2021,1995,28673,62421,0.6214
"400","had.27.6b",2021,1996,24381,71666,0.5803
"401","had.27.6b",2021,1997,21100,71678,0.4051
"402","had.27.6b",2021,1998,21820,48438,0.5948
"403","had.27.6b",2021,1999,18792,28113,0.871
"404","had.27.6b",2021,2000,12719,77850,1.1289
"405","had.27.6b",2021,2001,5957,103304,0.4224
"406","had.27.6b",2021,2002,7124,46702,0.4896
"407","had.27.6b",2021,2003,14136,14155,0.7039
"408","had.27.6b",2021,2004,17658,14462,0.6905
"409","had.27.6b",2021,2005,16666,87139,0.408
"410","had.27.6b",2021,2006,12890,13054,0.2737
"411","had.27.6b",2021,2007,11497,4312,0.5371
"412","had.27.6b",2021,2008,19346,1564,0.5079
"413","had.27.6b",2021,2009,13098,1588,0.3845
"414","had.27.6b",2021,2010,11223,340,0.7904
"415","had.27.6b",2021,2011,7926,1355,0.2345
"416","had.27.6b",2021,2012,9554,34615,0.1288
"417","had.27.6b",2021,2013,2688,26176,0.3238
"418","had.27.6b",2021,2014,2378,13832,0.6212
"419","had.27.6b",2021,2015,8706,7016,0.3186
"420","had.27.6b",2021,2016,13694,69342,0.1158
"421","had.27.6b",2021,2017,17871,18051,0.2929
"422","had.27.6b",2021,2018,17927,24499,0.285
"423","had.27.6b",2021,2019,37243,14947,0.2252
"424","had.27.6b",2021,2020,26630,50739,0.189
"425","had.27.6b",2021,2021,32393,NA,NA
"426","had.27.7a",2021,1993,2252.218,158888.9,0.7748928
"427","had.27.7a",2021,1994,2246.674,518805.2,0.917701
"428","had.27.7a",2021,1995,2449.342,65196.23,1.0709
"429","had.27.7a",2021,1996,5231.96,1365893,0.821726
"430","had.27.7a",2021,1997,4255.971,215082.2,1.213022
"431","had.27.7a",2021,1998,7830.907,339367.2,1.056295
"432","had.27.7a",2021,1999,6011.863,703224,1.706291
"433","had.27.7a",2021,2000,2738.022,97859.83,1.423855
"434","had.27.7a",2021,2001,3707.061,766936.5,0.7631144
"435","had.27.7a",2021,2002,2787.161,141647,0.8969292
"436","had.27.7a",2021,2003,3663.097,423620.7,0.720424
"437","had.27.7a",2021,2004,2685.796,646581.5,0.6216658
"438","had.27.7a",2021,2005,2778.947,496744.8,0.548676
"439","had.27.7a",2021,2006,3234.847,565159.3,0.3012293
"440","had.27.7a",2021,2007,4363.731,222498,0.471988
"441","had.27.7a",2021,2008,5003.974,161847.9,0.4171639
"442","had.27.7a",2021,2009,4436.405,330700.5,0.319846
"443","had.27.7a",2021,2010,3895.44,246811.5,0.4597618
"444","had.27.7a",2021,2011,3598.684,307231.4,0.2456751
"445","had.27.7a",2021,2012,3807.075,298889.4,0.2539241
"446","had.27.7a",2021,2013,4874.706,1445630,0.100765
"447","had.27.7a",2021,2014,5941.424,640987.2,0.1378503
"448","had.27.7a",2021,2015,12991.39,972159.7,0.1227188
"449","had.27.7a",2021,2016,15948.22,310079.6,0.08614959
"450","had.27.7a",2021,2017,20403.68,368283.2,0.113971
"451","had.27.7a",2021,2018,20903.76,783680,0.1410187
"452","had.27.7a",2021,2019,17707.12,414331.9,0.1579533
"453","had.27.7a",2021,2020,17658.74,6913.559,0.06577749
"454","had.27.7a",2021,2021,17422.95949,371740,NA
"455","had.27.7b-k",2021,1993,9281,136397,0.582
"456","had.27.7b-k",2021,1994,10863,393920,0.533
"457","had.27.7b-k",2021,1995,11519,475026,0.528
"458","had.27.7b-k",2021,1996,20654,165476,0.527
"459","had.27.7b-k",2021,1997,25521,59085,0.621
"460","had.27.7b-k",2021,1998,19798,89938,0.644
"461","had.27.7b-k",2021,1999,13028,359475,0.592
"462","had.27.7b-k",2021,2000,11919,348984,0.694
"463","had.27.7b-k",2021,2001,18486,485670,0.742
"464","had.27.7b-k",2021,2002,23448,992452,0.735
"465","had.27.7b-k",2021,2003,28255,234321,0.754
"466","had.27.7b-k",2021,2004,40708,350287,0.771
"467","had.27.7b-k",2021,2005,28512,245785,0.637
"468","had.27.7b-k",2021,2006,24196,198128,0.495
"469","had.27.7b-k",2021,2007,22622,699699,0.466
"470","had.27.7b-k",2021,2008,21299,407920,0.513
"471","had.27.7b-k",2021,2009,33115,2343490,0.52
"472","had.27.7b-k",2021,2010,39553,211788,0.522
"473","had.27.7b-k",2021,2011,98240,89575,0.535
"474","had.27.7b-k",2021,2012,70734,65390,0.548
"475","had.27.7b-k",2021,2013,45241,623252,0.501
"476","had.27.7b-k",2021,2014,28814,221066,0.466
"477","had.27.7b-k",2021,2015,40673,509791,0.438
"478","had.27.7b-k",2021,2016,38415,112634,0.448
"479","had.27.7b-k",2021,2017,45702,176925,0.464
"480","had.27.7b-k",2021,2018,36604,963380,0.436
"481","had.27.7b-k",2021,2019,34774,312600,0.382
"482","had.27.7b-k",2021,2020,71576,136259,0.315
"483","had.27.7b-k",2021,2021,71393,312600,NA
"484","her.27.6a7bc",2018,1957,354849.11755023,1994915.74040086,0.138780730079654
"485","her.27.6a7bc",2018,1958,354783.640290409,3048474.1575986,0.185856361609186
"486","her.27.6a7bc",2018,1959,332290.150346385,2227246.84147991,0.184830039907737
"487","her.27.6a7bc",2018,1960,385815.78808895,3012555.39419618,0.137619125084149
"488","her.27.6a7bc",2018,1961,421986.209848052,3524053.91624901,0.101166809729782
"489","her.27.6a7bc",2018,1962,424849.975026702,3268128.35845202,0.137346622934504
"490","her.27.6a7bc",2018,1963,454335.382591078,2197297.1161147,0.104954644835211
"491","her.27.6a7bc",2018,1964,500009.748027144,6901819.21456513,0.101925398751512
"492","her.27.6a7bc",2018,1965,459498.588668627,2290304.37672213,0.112102416246495
"493","her.27.6a7bc",2018,1966,720539.909383001,3805702.61843876,0.157125641324713
"494","her.27.6a7bc",2018,1967,741155.951487553,4084902.72983762,0.147070229774961
"495","her.27.6a7bc",2018,1968,739269.342581043,3773148.07066298,0.121442383680638
"496","her.27.6a7bc",2018,1969,697104.975323718,5150959.46005827,0.169851051563896
"497","her.27.6a7bc",2018,1970,667523.599415035,7967049.87208238,0.242043309092458
"498","her.27.6a7bc",2018,1971,616370.582149594,4213807.41666762,0.397917967198674
"499","her.27.6a7bc",2018,1972,695865.025276132,2297791.0003107,0.276267157703447
"500","her.27.6a7bc",2018,1973,764754.617667309,2715844.22056049,0.363703096899576
"501","her.27.6a7bc",2018,1974,464770.717537968,2965938.40952441,0.487228532326381
"502","her.27.6a7bc",2018,1975,288863.032811352,1892462.87815783,0.480193832215142
"503","her.27.6a7bc",2018,1976,247982.781559739,1866253.34672685,0.475650571253837
"504","her.27.6a7bc",2018,1977,211420.371946034,2053572.92664194,0.290003193234299
"505","her.27.6a7bc",2018,1978,206310.709032888,1817793.76718278,0.20040376142067
"506","her.27.6a7bc",2018,1979,210061.155203927,2004868.81104047,0.111470840642118
"507","her.27.6a7bc",2018,1980,268529.412244951,2880960.5567633,0.132810575392928
"508","her.27.6a7bc",2018,1981,318558.213365968,2254393.91208082,0.247209265000961
"509","her.27.6a7bc",2018,1982,321798.276249215,3878372.03732127,0.329390127890555
"510","her.27.6a7bc",2018,1983,260800.611382773,2487969.80906756,0.349926433547228
"511","her.27.6a7bc",2018,1984,335645.301481546,3188943.59893469,0.237912242365322
"512","her.27.6a7bc",2018,1985,398500.923011422,2593730.4868058,0.203564678861204
"513","her.27.6a7bc",2018,1986,449574.875016506,3119889.50754419,0.235088224773542
"514","her.27.6a7bc",2018,1987,391532.665398082,1626246.27570408,0.268996398246174
"515","her.27.6a7bc",2018,1988,436495.951417312,1762709.80096039,0.192390701769399
"516","her.27.6a7bc",2018,1989,500664.035501513,1874744.18626005,0.159726200463226
"517","her.27.6a7bc",2018,1990,520024.625412849,1849236.65156589,0.186081710195708
"518","her.27.6a7bc",2018,1991,498775.153388722,2628655.24327136,0.150276623188844
"519","her.27.6a7bc",2018,1992,436663.388255464,2562245.66632392,0.140805405332428
"520","her.27.6a7bc",2018,1993,509657.424677239,2947114.68952594,0.14589205089754
"521","her.27.6a7bc",2018,1994,392078.314919648,1860539.02345922,0.136111969441237
"522","her.27.6a7bc",2018,1995,311343.211839383,2159787.82797481,0.146363616018162
"523","her.27.6a7bc",2018,1996,311301.009346716,2708408.36605365,0.173383172423976
"524","her.27.6a7bc",2018,1997,243124.194241829,2612542.3064945,0.241655099553822
"525","her.27.6a7bc",2018,1998,307235.749820698,2554263.52782151,0.256682852164935
"526","her.27.6a7bc",2018,1999,340326.402458559,3720058.42846519,0.14645096676043
"527","her.27.6a7bc",2018,2000,310297.903251197,2933409.00207071,0.116590710844127
"528","her.27.6a7bc",2018,2001,434096.645326499,2919174.92538179,0.106989221728619
"529","her.27.6a7bc",2018,2002,478917.118464236,1850091.3517784,0.125604080752537
"530","her.27.6a7bc",2018,2003,501451.333320652,2001622.43154291,0.0963694529352075
"531","her.27.6a7bc",2018,2004,433456.957456,1569508.29218559,0.0891679636438673
"532","her.27.6a7bc",2018,2005,394727.540072529,1652275.82739132,0.0713021548411881
"533","her.27.6a7bc",2018,2006,417401.294015226,1199509.40220367,0.107897927589499
"534","her.27.6a7bc",2018,2007,440825.494849711,1343327.80803579,0.114721988127072
"535","her.27.6a7bc",2018,2008,413430.875097973,1731750.18380082,0.0798919375645019
"536","her.27.6a7bc",2018,2009,383402.30494638,2421629.60508996,0.0834259883755848
"537","her.27.6a7bc",2018,2010,340695.802697994,1549703.43559666,0.100102944231784
"538","her.27.6a7bc",2018,2011,267336.617424997,980721.06170585,0.0879567217507354
"539","her.27.6a7bc",2018,2012,298251.658572619,493869.199301075,0.0812370237996987
"540","her.27.6a7bc",2018,2013,228527.720841064,496919.449948109,0.107199099148923
"541","her.27.6a7bc",2018,2014,170418.023819289,545533.433802884,0.12404044681661
"542","her.27.6a7bc",2018,2015,133577.853084202,248921.786031844,0.129667848609592
"543","her.27.6a7bc",2018,2016,115875.416884465,219969.26361971,0.0657155701997504
"544","her.27.6a7bc",2018,2017,112934.041404515,439524,0.0608579821382748
"545","her.27.6a7bc",2018,2018,91515,NA,NA
"546","her.27.irls",2022,1958,206015,1577690,0.129691
"547","her.27.irls",2022,1959,197957,362961,0.111687
"548","her.27.irls",2022,1960,189253,393717,0.12551
"549","her.27.irls",2022,1961,159919,843980,0.119275
"550","her.27.irls",2022,1962,156601,402905,0.192414
"551","her.27.irls",2022,1963,145174,1381900,0.153356
"552","her.27.irls",2022,1964,165103,416515,0.0963117
"553","her.27.irls",2022,1965,169927,735267,0.139327
"554","her.27.irls",2022,1966,165194,768497,0.198533
"555","her.27.irls",2022,1967,159041,899711,0.22534
"556","her.27.irls",2022,1968,162296,461941,0.242583
"557","her.27.irls",2022,1969,141929,248671,0.362232
"558","her.27.irls",2022,1970,107098,821309,0.330574
"559","her.27.irls",2022,1971,97961.8,279417,0.453396
"560","her.27.irls",2022,1972,85876.7,325406,0.559289
"561","her.27.irls",2022,1973,64565.1,160325,0.518056
"562","her.27.irls",2022,1974,50061.5,202064,0.494702
"563","her.27.irls",2022,1975,39631.1,226223,0.516791
"564","her.27.irls",2022,1976,36803.9,184803,0.38791
"565","her.27.irls",2022,1977,37415,145587,0.290515
"566","her.27.irls",2022,1978,36168,278555,0.267905
"567","her.27.irls",2022,1979,36021.9,166477,0.425126
"568","her.27.irls",2022,1980,33005.8,464972,0.544209
"569","her.27.irls",2022,1981,36516.9,724433,0.836657
"570","her.27.irls",2022,1982,57440,784556,0.457798
"571","her.27.irls",2022,1983,76388.2,666197,0.555707
"572","her.27.irls",2022,1984,78994.4,642488,0.471937
"573","her.27.irls",2022,1985,85081.3,654169,0.31948
"574","her.27.irls",2022,1986,93072.5,1200230,0.365913
"575","her.27.irls",2022,1987,105472,475514,0.389177
"576","her.27.irls",2022,1988,108978,575732,0.231805
"577","her.27.irls",2022,1989,95703.8,503380,0.285274
"578","her.27.irls",2022,1990,89224,207415,0.24803
"579","her.27.irls",2022,1991,71049.2,962480,0.38095
"580","her.27.irls",2022,1992,70955.4,359813,0.48471
"581","her.27.irls",2022,1993,73640.4,768796,0.325813
"582","her.27.irls",2022,1994,80405.3,722078,0.321795
"583","her.27.irls",2022,1995,81906.9,352309,0.387563
"584","her.27.irls",2022,1996,72427.7,372858,0.308607
"585","her.27.irls",2022,1997,59883.5,248780,0.407954
"586","her.27.irls",2022,1998,47983.6,486666,0.445724
"587","her.27.irls",2022,1999,41993.8,477218,0.623789
"588","her.27.irls",2022,2000,42058.1,493295,0.632946
"589","her.27.irls",2022,2001,41689.8,541125,0.533916
"590","her.27.irls",2022,2002,53818.3,141584,0.209763
"591","her.27.irls",2022,2003,42832.6,361343,0.307205
"592","her.27.irls",2022,2004,39041.1,1057130,0.394116
"593","her.27.irls",2022,2005,54401.2,355901,0.308658
"594","her.27.irls",2022,2006,67023.5,723893,0.133448
"595","her.27.irls",2022,2007,69764.4,294385,0.131783
"596","her.27.irls",2022,2008,82686.6,1011860,0.079453
"597","her.27.irls",2022,2009,94170.2,751592,0.076206
"598","her.27.irls",2022,2010,102117,956829,0.100767
"599","her.27.irls",2022,2011,110331,631242,0.129544
"600","her.27.irls",2022,2012,100126,365882,0.253247
"601","her.27.irls",2022,2013,88219.4,304081,0.213335
"602","her.27.irls",2022,2014,68224.7,175780,0.32222
"603","her.27.irls",2022,2015,44041,204642,0.459981
"604","her.27.irls",2022,2016,25999.6,60833.1,0.765839
"605","her.27.irls",2022,2017,11791,51314,1.1759
"606","her.27.irls",2022,2018,6081.53,180019,1.16466
"607","her.27.irls",2022,2019,6168,108106,0.725012
"608","her.27.irls",2022,2020,8740.64,260375,0.0234312
"609","her.27.irls",2022,2021,15084.2,197043.9,0.068684
"610","her.27.irls",2022,2022,19348.63,NA,NA
"611","her.27.nirs",2022,1980,17659,198988,0.2827
"612","her.27.nirs",2022,1981,14364,204434,0.2792
"613","her.27.nirs",2022,1982,13623,140505,0.2757
"614","her.27.nirs",2022,1983,13929,115382,0.2741
"615","her.27.nirs",2022,1984,14995,169058,0.2753
"616","her.27.nirs",2022,1985,16574,211293,0.2797
"617","her.27.nirs",2022,1986,19199,233281,0.2811
"618","her.27.nirs",2022,1987,17123,110968,0.2824
"619","her.27.nirs",2022,1988,20149,132455,0.2852
"620","her.27.nirs",2022,1989,14778,129832,0.284
"621","her.27.nirs",2022,1990,14459,86422,0.2841
"622","her.27.nirs",2022,1991,10182,281813,0.283
"623","her.27.nirs",2022,1992,11490,65121,0.2838
"624","her.27.nirs",2022,1993,11261,158261,0.2828
"625","her.27.nirs",2022,1994,12940,166708,0.2826
"626","her.27.nirs",2022,1995,12769,105240,0.282
"627","her.27.nirs",2022,1996,10969,159213,0.2821
"628","her.27.nirs",2022,1997,10813,175255,0.2835
"629","her.27.nirs",2022,1998,11545,91675,0.2825
"630","her.27.nirs",2022,1999,10825,95416,0.2771
"631","her.27.nirs",2022,2000,10389,143487,0.2714
"632","her.27.nirs",2022,2001,9165,81552,0.2705
"633","her.27.nirs",2022,2002,8945,143631,0.265
"634","her.27.nirs",2022,2003,7512,187775,0.2607
"635","her.27.nirs",2022,2004,10534,210449,0.2528
"636","her.27.nirs",2022,2005,13448,337729,0.2464
"637","her.27.nirs",2022,2006,13986,674684,0.2378
"638","her.27.nirs",2022,2007,21954,339083,0.2263
"639","her.27.nirs",2022,2008,27806,395537,0.2195
"640","her.27.nirs",2022,2009,28854,452707,0.2141
"641","her.27.nirs",2022,2010,29086,330711,0.2089
"642","her.27.nirs",2022,2011,28029,298343,0.2059
"643","her.27.nirs",2022,2012,25591,171957,0.2039
"644","her.27.nirs",2022,2013,22720,405550,0.2013
"645","her.27.nirs",2022,2014,23389,333367,0.1994
"646","her.27.nirs",2022,2015,21354,189473,0.2012
"647","her.27.nirs",2022,2016,22584,174033,0.2015
"648","her.27.nirs",2022,2017,19922,373996,0.2017
"649","her.27.nirs",2022,2018,19489,385386,0.2045
"650","her.27.nirs",2022,2019,22720,593030,0.2071
"651","her.27.nirs",2022,2020,21401,196418,0.2081
"652","her.27.nirs",2022,2021,30792,294667,0.2066
"653","her.27.nirs",2022,2022,27504,NA,NA
"654","hke.27.3a46-8abd",2022,1978,79409,683793,0.303104
"655","hke.27.3a46-8abd",2022,1979,89683.2,694155,0.316996
"656","hke.27.3a46-8abd",2022,1980,92068.2,834917,0.385161
"657","hke.27.3a46-8abd",2022,1981,84112.2,1175640,0.376757
"658","hke.27.3a46-8abd",2022,1982,76137.3,614691,0.363505
"659","hke.27.3a46-8abd",2022,1983,78414.4,377577,0.367742
"660","hke.27.3a46-8abd",2022,1984,82225.5,620641,0.440678
"661","hke.27.3a46-8abd",2022,1985,70173.9,1106470,0.475211
"662","hke.27.3a46-8abd",2022,1986,55523.6,647799,0.527125
"663","hke.27.3a46-8abd",2022,1987,50084.4,850153,0.594196
"664","hke.27.3a46-8abd",2022,1988,51547,774160,0.60092
"665","hke.27.3a46-8abd",2022,1989,50867.6,708777,0.596669
"666","hke.27.3a46-8abd",2022,1990,51133.9,681849,0.535103
"667","hke.27.3a46-8abd",2022,1991,51016.8,455911,0.549771
"668","hke.27.3a46-8abd",2022,1992,47916.6,609905,0.59786
"669","hke.27.3a46-8abd",2022,1993,41246.2,912648,0.640849
"670","hke.27.3a46-8abd",2022,1994,33808.2,517928,0.647976
"671","hke.27.3a46-8abd",2022,1995,35901.8,305821,0.710643
"672","hke.27.3a46-8abd",2022,1996,36506.9,836512,0.657328
"673","hke.27.3a46-8abd",2022,1997,30644.3,410473,0.615553
"674","hke.27.3a46-8abd",2022,1998,29633.3,731414,0.501237
"675","hke.27.3a46-8abd",2022,1999,35976,366120,0.516847
"676","hke.27.3a46-8abd",2022,2000,39051.6,439243,0.524082
"677","hke.27.3a46-8abd",2022,2001,40741,759622,0.455357
"678","hke.27.3a46-8abd",2022,2002,40091.7,589414,0.482618
"679","hke.27.3a46-8abd",2022,2003,41879.7,445111,0.510508
"680","hke.27.3a46-8abd",2022,2004,44535.8,1099150,0.536446
"681","hke.27.3a46-8abd",2022,2005,43041.9,569922,0.54861
"682","hke.27.3a46-8abd",2022,2006,45885.1,1192020,0.400355
"683","hke.27.3a46-8abd",2022,2007,64177.8,2159010,0.32065
"684","hke.27.3a46-8abd",2022,2008,82270.4,1712400,0.24592
"685","hke.27.3a46-8abd",2022,2009,125660,540533,0.213263
"686","hke.27.3a46-8abd",2022,2010,202255,932764,0.185264
"687","hke.27.3a46-8abd",2022,2011,253759,1065940,0.18976
"688","hke.27.3a46-8abd",2022,2012,253980,2031050,0.173246
"689","hke.27.3a46-8abd",2022,2013,248863,940460,0.15916
"690","hke.27.3a46-8abd",2022,2014,267180,659779,0.170743
"691","hke.27.3a46-8abd",2022,2015,294240,828652,0.184606
"692","hke.27.3a46-8abd",2022,2016,289381,1149080,0.215141
"693","hke.27.3a46-8abd",2022,2017,252412,983549,0.231991
"694","hke.27.3a46-8abd",2022,2018,220187,676762,0.219885
"695","hke.27.3a46-8abd",2022,2019,206897,812397,0.212041
"696","hke.27.3a46-8abd",2022,2020,199969,500739,0.192522
"697","hke.27.3a46-8abd",2022,2021,195117,573606,0.183886
"698","hke.27.3a46-8abd",2022,2022,186358,898602,NA
"699","hom.27.2a4a5b6a7a-ce-k8",2021,1982,2469210,47836900,0.0175923
"700","hom.27.2a4a5b6a7a-ce-k8",2021,1983,2587600,1506360,0.0241725
"701","hom.27.2a4a5b6a7a-ce-k8",2021,1984,2702620,1618940,0.0220631
"702","hom.27.2a4a5b6a7a-ce-k8",2021,1985,3134920,2127570,0.0183024
"703","hom.27.2a4a5b6a7a-ce-k8",2021,1986,4372860,2659390,0.0225872
"704","hom.27.2a4a5b6a7a-ce-k8",2021,1987,5087090,5227420,0.0286408
"705","hom.27.2a4a5b6a7a-ce-k8",2021,1988,5122550,2828290,0.0319641
"706","hom.27.2a4a5b6a7a-ce-k8",2021,1989,4916890,3172420,0.0326978
"707","hom.27.2a4a5b6a7a-ce-k8",2021,1990,4654220,2213230,0.0455949
"708","hom.27.2a4a5b6a7a-ce-k8",2021,1991,4339050,3917750,0.0514483
"709","hom.27.2a4a5b6a7a-ce-k8",2021,1992,3981390,7659570,0.0783188
"710","hom.27.2a4a5b6a7a-ce-k8",2021,1993,3503640,6961380,0.1030728
"711","hom.27.2a4a5b6a7a-ce-k8",2021,1994,2992100,6385880,0.1066553
"712","hom.27.2a4a5b6a7a-ce-k8",2021,1995,2629550,3836720,0.1576797
"713","hom.27.2a4a5b6a7a-ce-k8",2021,1996,2315190,2155970,0.1373081
"714","hom.27.2a4a5b6a7a-ce-k8",2021,1997,2179160,1497210,0.1936956
"715","hom.27.2a4a5b6a7a-ce-k8",2021,1998,1927560,2574170,0.1321301
"716","hom.27.2a4a5b6a7a-ce-k8",2021,1999,1784670,2711470,0.1339536
"717","hom.27.2a4a5b6a7a-ce-k8",2021,2000,1585430,1999390,0.0999739
"718","hom.27.2a4a5b6a7a-ce-k8",2021,2001,1439890,11846100,0.123524
"719","hom.27.2a4a5b6a7a-ce-k8",2021,2002,1287020,2179360,0.1132459
"720","hom.27.2a4a5b6a7a-ce-k8",2021,2003,1197440,1064110,0.111097
"721","hom.27.2a4a5b6a7a-ce-k8",2021,2004,1204550,1949000,0.0881638
"722","hom.27.2a4a5b6a7a-ce-k8",2021,2005,1400640,1481480,0.096626
"723","hom.27.2a4a5b6a7a-ce-k8",2021,2006,1464720,1231430,0.0829059
"724","hom.27.2a4a5b6a7a-ce-k8",2021,2007,1411860,1956800,0.0673322
"725","hom.27.2a4a5b6a7a-ce-k8",2021,2008,1349390,4945330,0.0823213
"726","hom.27.2a4a5b6a7a-ce-k8",2021,2009,1247790,1277190,0.1146807
"727","hom.27.2a4a5b6a7a-ce-k8",2021,2010,1105300,938294,0.1397294
"728","hom.27.2a4a5b6a7a-ce-k8",2021,2011,991969,344757,0.1464523
"729","hom.27.2a4a5b6a7a-ce-k8",2021,2012,944091,2417070,0.1414424
"730","hom.27.2a4a5b6a7a-ce-k8",2021,2013,868583,1053240,0.1549217
"731","hom.27.2a4a5b6a7a-ce-k8",2021,2014,744841,3375470,0.1451609
"732","hom.27.2a4a5b6a7a-ce-k8",2021,2015,640294,2396120,0.1137971
"733","hom.27.2a4a5b6a7a-ce-k8",2021,2016,606453,2777670,0.1169839
"734","hom.27.2a4a5b6a7a-ce-k8",2021,2017,594977,3633800,0.095203
"735","hom.27.2a4a5b6a7a-ce-k8",2021,2018,642427,2968230,0.1092116
"736","hom.27.2a4a5b6a7a-ce-k8",2021,2019,691329,1356420,0.1257947
"737","hom.27.2a4a5b6a7a-ce-k8",2021,2020,734333,1083960,0.0709736
"738","hom.27.2a4a5b6a7a-ce-k8",2021,2021,836074,2345380,NA
"739","mac.27.nea",2021,1980,4119074,4811944,0.2197434
"740","mac.27.nea",2021,1981,3605227,4534674,0.2200589
"741","mac.27.nea",2021,1982,3447225,3958511,0.2206051
"742","mac.27.nea",2021,1983,3653848,3818369,0.2214666
"743","mac.27.nea",2021,1984,3961825,4135091,0.2229576
"744","mac.27.nea",2021,1985,3991611,4044346,0.2261173
"745","mac.27.nea",2021,1986,3583027,4002878,0.2304379
"746","mac.27.nea",2021,1987,3546607,4028611,0.2358199
"747","mac.27.nea",2021,1988,3495772,3736555,0.2420841
"748","mac.27.nea",2021,1989,3278812,3575256,0.2511546
"749","mac.27.nea",2021,1990,3365579,3369803,0.2621414
"750","mac.27.nea",2021,1991,3266335,3351837,0.2753727
"751","mac.27.nea",2021,1992,3003550,3326467,0.2892626
"752","mac.27.nea",2021,1993,2673128,3138516,0.3020456
"753","mac.27.nea",2021,1994,2337129,3023339,0.3098697
"754","mac.27.nea",2021,1995,2304484,2938787,0.3099406
"755","mac.27.nea",2021,1996,2190841,3002031,0.3048298
"756","mac.27.nea",2021,1997,2158199,2993152,0.3023543
"757","mac.27.nea",2021,1998,2130817,3048761,0.3082117
"758","mac.27.nea",2021,1999,2320394,3293974,0.319621
"759","mac.27.nea",2021,2000,2295030,3271449,0.3331552
"760","mac.27.nea",2021,2001,2179261,4292777,0.3596357
"761","mac.27.nea",2021,2002,2090999,4815423,0.3814872
"762","mac.27.nea",2021,2003,2008630,4130904,0.3948073
"763","mac.27.nea",2021,2004,2633091,4802786,0.3690946
"764","mac.27.nea",2021,2005,2382116,5625640,0.308932
"765","mac.27.nea",2021,2006,2166834,5667557,0.2897533
"766","mac.27.nea",2021,2007,2288905,4995749,0.3169868
"767","mac.27.nea",2021,2008,2662883,4707792,0.3075677
"768","mac.27.nea",2021,2009,3312494,4664141,0.2841014
"769","mac.27.nea",2021,2010,3704409,5334499,0.2762851
"770","mac.27.nea",2021,2011,4259835,5942633,0.2714657
"771","mac.27.nea",2021,2012,3946707,5531582,0.2541488
"772","mac.27.nea",2021,2013,4381909,5385707,0.2533367
"773","mac.27.nea",2021,2014,5554870,5476329,0.2561949
"774","mac.27.nea",2021,2015,5554841,5171170,0.2397007
"775","mac.27.nea",2021,2016,5278481,5760094,0.217722
"776","mac.27.nea",2021,2017,5161638,5990287,0.217268
"777","mac.27.nea",2021,2018,4521691,6041636,0.2183776
"778","mac.27.nea",2021,2019,3876306,6511865,0.2154688
"779","mac.27.nea",2021,2020,3938555,5743130,0.2486582
"780","mac.27.nea",2021,2021,3510848.90371431,4367513,NA
"781","meg.27.7b-k8abd",2022,1984,77101.9747499935,218021.965899624,0.19397275
"782","meg.27.7b-k8abd",2022,1985,81158.760316784,209635.111906454,0.227803
"783","meg.27.7b-k8abd",2022,1986,85602.8185973004,181309.135582492,0.2173445
"784","meg.27.7b-k8abd",2022,1987,89217.3229524824,179648.548663893,0.220411
"785","meg.27.7b-k8abd",2022,1988,74998.89581838,227251.828412726,0.24892375
"786","meg.27.7b-k8abd",2022,1989,63393.8404257274,256377.582050469,0.340227
"787","meg.27.7b-k8abd",2022,1990,52601.9545710844,290948.560404063,0.38560375
"788","meg.27.7b-k8abd",2022,1991,50324.5189000422,243615.47569367,0.42773475
"789","meg.27.7b-k8abd",2022,1992,47031.9586657072,207720.859528237,0.36216775
"790","meg.27.7b-k8abd",2022,1993,49875.4255194558,218801.399116393,0.36875725
"791","meg.27.7b-k8abd",2022,1994,48238.2863007453,247261.519330027,0.31967625
"792","meg.27.7b-k8abd",2022,1995,55355.9263835154,268340.546846519,0.3268665
"793","meg.27.7b-k8abd",2022,1996,51311.0501422226,243208.593753431,0.35370125
"794","meg.27.7b-k8abd",2022,1997,52984.1161595206,268758.872341327,0.29831325
"795","meg.27.7b-k8abd",2022,1998,56304.9437489103,263150.89484938,0.3318315
"796","meg.27.7b-k8abd",2022,1999,48824.5228667435,295082.862368707,0.3543085
"797","meg.27.7b-k8abd",2022,2000,48578.3755231206,247843.869106994,0.37048775
"798","meg.27.7b-k8abd",2022,2001,48928.9365544692,266020.048281095,0.43464025
"799","meg.27.7b-k8abd",2022,2002,45578.1242078402,247611.18349742,0.469246
"800","meg.27.7b-k8abd",2022,2003,42965.7415273591,203492.466114912,0.462967
"801","meg.27.7b-k8abd",2022,2004,37799.8053520732,211826.552606458,0.4547325
"802","meg.27.7b-k8abd",2022,2005,36053.5160708754,257923.733423376,0.47132325
"803","meg.27.7b-k8abd",2022,2006,35289.4064915465,246253.850774905,0.422011
"804","meg.27.7b-k8abd",2022,2007,36299.4309614351,177204.078257302,0.4555525
"805","meg.27.7b-k8abd",2022,2008,37710.8840075725,206608.927475928,0.3300265
"806","meg.27.7b-k8abd",2022,2009,46675.1195965664,215687.480767504,0.338876
"807","meg.27.7b-k8abd",2022,2010,49552.7224441039,182432.51118937,0.425199
"808","meg.27.7b-k8abd",2022,2011,39998.1060749709,144699.297256483,0.379274
"809","meg.27.7b-k8abd",2022,2012,41473.6507182117,150805.705125222,0.38716975
"810","meg.27.7b-k8abd",2022,2013,42849.7134885386,138656.464690907,0.47983325
"811","meg.27.7b-k8abd",2022,2014,47716.1919919603,162384.675090171,0.34610175
"812","meg.27.7b-k8abd",2022,2015,40128.7308183853,206961.134655447,0.29529625
"813","meg.27.7b-k8abd",2022,2016,44679.4633251025,264621.391611524,0.33104975
"814","meg.27.7b-k8abd",2022,2017,41329.8704811727,276376.465166233,0.3706655
"815","meg.27.7b-k8abd",2022,2018,53715.6122444329,243438.736350879,0.2893345
"816","meg.27.7b-k8abd",2022,2019,61793.1687994206,182574.284115422,0.21944225
"817","meg.27.7b-k8abd",2022,2020,75431.7679542094,159912.231550189,0.17200805
"818","meg.27.7b-k8abd",2022,2021,84326.7833662193,221058,0.1790745
"819","meg.27.7b-k8abd",2022,2022,99557,NA,NA
"820","mon.27.78abd",2021,1986,51093.2592542111,40235.8726427992,0.2804485
"821","mon.27.78abd",2021,1987,60054.9022113267,30125.4504697729,0.2962845
"822","mon.27.78abd",2021,1988,59307.1490013557,22004.8423281494,0.3248335
"823","mon.27.78abd",2021,1989,52593.6408930877,8786.21918673965,0.36209225
"824","mon.27.78abd",2021,1990,47284.8955098588,17401.6498857723,0.35970225
"825","mon.27.78abd",2021,1991,46950.2621339998,37086.5958392924,0.33990575
"826","mon.27.78abd",2021,1992,43096.505772786,29915.3627666135,0.25213675
"827","mon.27.78abd",2021,1993,43918.1682880672,33597.9167205152,0.25609625
"828","mon.27.78abd",2021,1994,39507.7272775037,29959.7297168648,0.33593125
"829","mon.27.78abd",2021,1995,40370.1524638102,15952.1029837975,0.3509665
"830","mon.27.78abd",2021,1996,40559.0510367161,17694.9377560332,0.3661135
"831","mon.27.78abd",2021,1997,40790.3589642274,18837.4109957652,0.43484825
"832","mon.27.78abd",2021,1998,39173.3884133307,37008.9294055921,0.41126375
"833","mon.27.78abd",2021,1999,36944.8256185329,24496.1873551721,0.5016745
"834","mon.27.78abd",2021,2000,28638.538832657,42953.324074932,0.33562325
"835","mon.27.78abd",2021,2001,30371.3793441031,63546.5789705777,0.45464575
"836","mon.27.78abd",2021,2002,26122.8375623733,41512.4175637064,0.44947625
"837","mon.27.78abd",2021,2003,24336.6526887295,49094.1177384917,0.506068
"838","mon.27.78abd",2021,2004,21429.6991354391,66188.499795937,0.58944025
"839","mon.27.78abd",2021,2005,23182.7283967833,28809.8781659312,0.4796245
"840","mon.27.78abd",2021,2006,26042.8075947609,22378.8062064166,0.35449125
"841","mon.27.78abd",2021,2007,29582.2591933796,28538.8223123171,0.400837
"842","mon.27.78abd",2021,2008,35904.0965929605,45646.7959956599,0.41759
"843","mon.27.78abd",2021,2009,41244.6804764624,49794.4748043845,0.423781
"844","mon.27.78abd",2021,2010,36112.414722663,56944.1554417116,0.41952125
"845","mon.27.78abd",2021,2011,34050.4901435062,33196.5754243687,0.36936375
"846","mon.27.78abd",2021,2012,35838.9833619803,44888.7716027445,0.40564225
"847","mon.27.78abd",2021,2013,36568.8334989011,38131.5977047305,0.36019425
"848","mon.27.78abd",2021,2014,40928.4241512283,53353.733294787,0.377076
"849","mon.27.78abd",2021,2015,49276.6175119785,30610.3802651894,0.34837175
"850","mon.27.78abd",2021,2016,47623.6319703368,26306.1065095165,0.3529085
"851","mon.27.78abd",2021,2017,52781.6926200407,39684.1497144004,0.352439
"852","mon.27.78abd",2021,2018,54935.4168865638,51607.5006160769,0.28936325
"853","mon.27.78abd",2021,2019,60870.9691827844,43832.9935196305,0.24074825
"854","mon.27.78abd",2021,2020,59806.5867865408,48519.3861291092,0.23311875
"855","mon.27.78abd",2021,2021,64190,32708,NA
"856","ple.27.7a",2021,1981,7062,22776,0.598
"857","ple.27.7a",2021,1982,6738,24276,0.588
"858","ple.27.7a",2021,1983,6062,23081,0.642
"859","ple.27.7a",2021,1984,7687,21125,0.567
"860","ple.27.7a",2021,1985,8476,21991,0.56
"861","ple.27.7a",2021,1986,9052,21660,0.589
"862","ple.27.7a",2021,1987,8472,15439,0.703
"863","ple.27.7a",2021,1988,7897,12027,0.7
"864","ple.27.7a",2021,1989,7024,16060,0.609
"865","ple.27.7a",2021,1990,6342,16202,0.598
"866","ple.27.7a",2021,1991,5052,17807,0.601
"867","ple.27.7a",2021,1992,5064,15617,0.761
"868","ple.27.7a",2021,1993,4155,14687,0.678
"869","ple.27.7a",2021,1994,4309,17464,0.658
"870","ple.27.7a",2021,1995,3769,22178,0.603
"871","ple.27.7a",2021,1996,4009,22932,0.542
"872","ple.27.7a",2021,1997,4241,19464,0.536
"873","ple.27.7a",2021,1998,4629,18438,0.534
"874","ple.27.7a",2021,1999,5346,24145,0.418
"875","ple.27.7a",2021,2000,5833,24161,0.344
"876","ple.27.7a",2021,2001,7036,25014,0.299
"877","ple.27.7a",2021,2002,8390,22061,0.255
"878","ple.27.7a",2021,2003,10073,20727,0.208
"879","ple.27.7a",2021,2004,10330,17385,0.153
"880","ple.27.7a",2021,2005,10072,22724,0.202
"881","ple.27.7a",2021,2006,9047,27099,0.218
"882","ple.27.7a",2021,2007,7449,21225,0.24
"883","ple.27.7a",2021,2008,7429,16685,0.185
"884","ple.27.7a",2021,2009,8372,23236,0.136
"885","ple.27.7a",2021,2010,8284,27460,0.208
"886","ple.27.7a",2021,2011,9743,23488,0.131
"887","ple.27.7a",2021,2012,8143,23449,0.137
"888","ple.27.7a",2021,2013,9845,29380,0.089
"889","ple.27.7a",2021,2014,10010,16650,0.094
"890","ple.27.7a",2021,2015,13347,14461,0.062
"891","ple.27.7a",2021,2016,19394,10346,0.054
"892","ple.27.7a",2021,2017,14596,13362,0.069
"893","ple.27.7a",2021,2018,15563,10859,0.068
"894","ple.27.7a",2021,2019,14915,6098,0.071
"895","ple.27.7a",2021,2020,13434,12994.33,0.044
"896","ple.27.7a",2021,2021,15829.9,NA,NA
"897","pok.27.3a46",2022,1967,152326,295841,0.353
"898","pok.27.3a46",2022,1968,211063,357119,0.293
"899","pok.27.3a46",2022,1969,277547,223262,0.32
"900","pok.27.3a46",2022,1970,347234,200110,0.345
"901","pok.27.3a46",2022,1971,463449,198212,0.371
"902","pok.27.3a46",2022,1972,493122,234233,0.402
"903","pok.27.3a46",2022,1973,526082,407671,0.426
"904","pok.27.3a46",2022,1974,580796,149479,0.494
"905","pok.27.3a46",2022,1975,519493,120095,0.533
"906","pok.27.3a46",2022,1976,400607,87537,0.601
"907","pok.27.3a46",2022,1977,325517,85500,0.593
"908","pok.27.3a46",2022,1978,297697,164775,0.481
"909","pok.27.3a46",2022,1979,278895,141145,0.451
"910","pok.27.3a46",2022,1980,260493,148680,0.474
"911","pok.27.3a46",2022,1981,248809,255285,0.469
"912","pok.27.3a46",2022,1982,220138,355869,0.54
"913","pok.27.3a46",2022,1983,220172,292033,0.652
"914","pok.27.3a46",2022,1984,189034,149344,0.679
"915","pok.27.3a46",2022,1985,166175,138595,0.705
"916","pok.27.3a46",2022,1986,156393,101911,0.741
"917","pok.27.3a46",2022,1987,165104,150317,0.707
"918","pok.27.3a46",2022,1988,154493,175572,0.712
"919","pok.27.3a46",2022,1989,126511,103646,0.692
"920","pok.27.3a46",2022,1990,114785,178040,0.659
"921","pok.27.3a46",2022,1991,107476,119769,0.63
"922","pok.27.3a46",2022,1992,112762,216503,0.614
"923","pok.27.3a46",2022,1993,119117,119415,0.645
"924","pok.27.3a46",2022,1994,123531,155443,0.574
"925","pok.27.3a46",2022,1995,142702,91899,0.581
"926","pok.27.3a46",2022,1996,153856,121062,0.515
"927","pok.27.3a46",2022,1997,191026,101516,0.444
"928","pok.27.3a46",2022,1998,188351,202624,0.447
"929","pok.27.3a46",2022,1999,199207,153036,0.472
"930","pok.27.3a46",2022,2000,194074,159472,0.404
"931","pok.27.3a46",2022,2001,200010,112684,0.381
"932","pok.27.3a46",2022,2002,218903,141072,0.423
"933","pok.27.3a46",2022,2003,204854,96133,0.44
"934","pok.27.3a46",2022,2004,254008,148095,0.378
"935","pok.27.3a46",2022,2005,245029,72017,0.382
"936","pok.27.3a46",2022,2006,259805,56618,0.399
"937","pok.27.3a46",2022,2007,243334,88646,0.384
"938","pok.27.3a46",2022,2008,244265,79044,0.443
"939","pok.27.3a46",2022,2009,242360,131860,0.459
"940","pok.27.3a46",2022,2010,227659,90536,0.444
"941","pok.27.3a46",2022,2011,182842,55300,0.444
"942","pok.27.3a46",2022,2012,166341,91980,0.417
"943","pok.27.3a46",2022,2013,170520,113926,0.386
"944","pok.27.3a46",2022,2014,189849,80142,0.37
"945","pok.27.3a46",2022,2015,195259,40065,0.371
"946","pok.27.3a46",2022,2016,181437,48437,0.374
"947","pok.27.3a46",2022,2017,199442,31416,0.412
"948","pok.27.3a46",2022,2018,195111,49833,0.446
"949","pok.27.3a46",2022,2019,185595,66473,0.487
"950","pok.27.3a46",2022,2020,160486,NA,0.438
"951","pok.27.3a46",2022,2021,137451,NA,0.39
"952","pok.27.3a46",2022,2022,130482,NA,NA
"953","reg.27.561214",2022,1971,338242,195900,0.115
"954","reg.27.561214",2022,1972,326889,191000,0.089
"955","reg.27.561214",2022,1973,331438,129600,0.076
"956","reg.27.561214",2022,1974,347290,165500,0.083
"957","reg.27.561214",2022,1975,362455,100200,0.097
"958","reg.27.561214",2022,1976,373340,86900,0.145
"959","reg.27.561214",2022,1977,361350,64200,0.087
"960","reg.27.561214",2022,1978,389424,66100,0.071
"961","reg.27.561214",2022,1979,425542,71800,0.106
"962","reg.27.561214",2022,1980,439297,129500,0.12
"963","reg.27.561214",2022,1981,441430,123300,0.142
"964","reg.27.561214",2022,1982,429215,63400,0.193
"965","reg.27.561214",2022,1983,386355,39100,0.171
"966","reg.27.561214",2022,1984,357097,42500,0.163
"967","reg.27.561214",2022,1985,330502,347600,0.138
"968","reg.27.561214",2022,1986,312661,57500,0.146
"969","reg.27.561214",2022,1987,291881,38600,0.158
"970","reg.27.561214",2022,1988,266908,52100,0.212
"971","reg.27.561214",2022,1989,226159,61700,0.15
"972","reg.27.561214",2022,1990,211258,325400,0.199
"973","reg.27.561214",2022,1991,187851,83500,0.186
"974","reg.27.561214",2022,1992,172180,38500,0.206
"975","reg.27.561214",2022,1993,156762,38800,0.205
"976","reg.27.561214",2022,1994,147027,76500,0.183
"977","reg.27.561214",2022,1995,144733,47500,0.195
"978","reg.27.561214",2022,1996,143002,103200,0.155
"979","reg.27.561214",2022,1997,149041,111800,0.165
"980","reg.27.561214",2022,1998,152952,163600,0.165
"981","reg.27.561214",2022,1999,157102,101600,0.175
"982","reg.27.561214",2022,2000,159403,154300,0.172
"983","reg.27.561214",2022,2001,160947,151700,0.142
"984","reg.27.561214",2022,2002,167273,98400,0.195
"985","reg.27.561214",2022,2003,161447,119800,0.148
"986","reg.27.561214",2022,2004,166336,184100,0.123
"987","reg.27.561214",2022,2005,176691,155300,0.173
"988","reg.27.561214",2022,2006,177413,83200,0.161
"989","reg.27.561214",2022,2007,185875,123600,0.146
"990","reg.27.561214",2022,2008,199321,76100,0.165
"991","reg.27.561214",2022,2009,210288,36300,0.133
"992","reg.27.561214",2022,2010,230741,11000,0.119
"993","reg.27.561214",2022,2011,254843,13300,0.13
"994","reg.27.561214",2022,2012,274185,35900,0.123
"995","reg.27.561214",2022,2013,293834,4500,0.137
"996","reg.27.561214",2022,2014,305377,8200,0.126
"997","reg.27.561214",2022,2015,315360,19100,0.124
"998","reg.27.561214",2022,2016,319575,26200,0.142
"999","reg.27.561214",2022,2017,310673,47200,0.136
"1000","reg.27.561214",2022,2018,298542,NA,0.133
"1001","reg.27.561214",2022,2019,282338,NA,0.128
"1002","reg.27.561214",2022,2020,264207,NA,0.129
"1003","reg.27.561214",2022,2021,242926,NA,0.134
"1004","reg.27.561214",2022,2022,220056,NA,NA
"1005","sol.27.7a",2021,1970,6436,3186,0.39
"1006","sol.27.7a",2021,1971,6222,13133,0.44
"1007","sol.27.7a",2021,1972,5011,5870,0.45
"1008","sol.27.7a",2021,1973,5123,6680,0.43
"1009","sol.27.7a",2021,1974,5068,3857,0.44
"1010","sol.27.7a",2021,1975,5359,15772,0.4
"1011","sol.27.7a",2021,1976,4889,9040,0.43
"1012","sol.27.7a",2021,1977,4490,8848,0.37
"1013","sol.27.7a",2021,1978,5092,5070,0.36
"1014","sol.27.7a",2021,1979,5685,4497,0.47
"1015","sol.27.7a",2021,1980,5513,2460,0.64
"1016","sol.27.7a",2021,1981,5165,5557,0.48
"1017","sol.27.7a",2021,1982,4331,15464,0.44
"1018","sol.27.7a",2021,1983,4095,16229,0.44
"1019","sol.27.7a",2021,1984,4602,23709,0.35
"1020","sol.27.7a",2021,1985,5637,3458,0.34
"1021","sol.27.7a",2021,1986,6947,3493,0.44
"1022","sol.27.7a",2021,1987,7153,4369,0.86
"1023","sol.27.7a",2021,1988,5504,5553,0.69
"1024","sol.27.7a",2021,1989,4616,12666,0.58
"1025","sol.27.7a",2021,1990,3610,4947,0.66
"1026","sol.27.7a",2021,1991,3173,6181,0.51
"1027","sol.27.7a",2021,1992,3440,5239,0.53
"1028","sol.27.7a",2021,1993,3219,2004,0.56
"1029","sol.27.7a",2021,1994,4034,2496,0.5
"1030","sol.27.7a",2021,1995,3504,8356,0.51
"1031","sol.27.7a",2021,1996,2698,6871,0.53
"1032","sol.27.7a",2021,1997,2488,5240,0.6
"1033","sol.27.7a",2021,1998,3009,6955,0.5
"1034","sol.27.7a",2021,1999,3302,4552,0.47
"1035","sol.27.7a",2021,2000,3108,2330,0.46
"1036","sol.27.7a",2021,2001,3545,3056,0.35
"1037","sol.27.7a",2021,2002,3556,3638,0.38
"1038","sol.27.7a",2021,2003,3193,2952,0.36
"1039","sol.27.7a",2021,2004,2285,1320,0.31
"1040","sol.27.7a",2021,2005,2065,1866,0.55
"1041","sol.27.7a",2021,2006,1632,1956,0.47
"1042","sol.27.7a",2021,2007,1389,2270,0.34
"1043","sol.27.7a",2021,2008,1328,1609,0.31
"1044","sol.27.7a",2021,2009,1074,636,0.39
"1045","sol.27.7a",2021,2010,1197,878,0.29
"1046","sol.27.7a",2021,2011,1096,644,0.35
"1047","sol.27.7a",2021,2012,1158,782,0.3
"1048","sol.27.7a",2021,2013,1090,1732,0.17
"1049","sol.27.7a",2021,2014,874,4580,0.12
"1050","sol.27.7a",2021,2015,1297,1840,0.08
"1051","sol.27.7a",2021,2016,1230,4280,0.04
"1052","sol.27.7a",2021,2017,1900,3463,0.02
"1053","sol.27.7a",2021,2018,2698,2931,0.01
"1054","sol.27.7a",2021,2019,2997,2931,0.15
"1055","sol.27.7a",2021,2020,3493,NA,0.13
"1056","sol.27.7a",2021,2021,4067.28,NA,NA
"1057","sol.27.7e",2021,1969,2437,3826,0.134
"1058","sol.27.7e",2021,1970,2652,2568,0.1457
"1059","sol.27.7e",2021,1971,2390,2264,0.1806
"1060","sol.27.7e",2021,1972,2395,3107,0.1383
"1061","sol.27.7e",2021,1973,2778,2967,0.1596
"1062","sol.27.7e",2021,1974,2896,2791,0.1528
"1063","sol.27.7e",2021,1975,3670,6556,0.1307
"1064","sol.27.7e",2021,1976,3403,4657,0.1804
"1065","sol.27.7e",2021,1977,4098,4389,0.1304
"1066","sol.27.7e",2021,1978,4074,4702,0.1778
"1067","sol.27.7e",2021,1979,4865,8130,0.2423
"1068","sol.27.7e",2021,1980,5338,4680,0.2324
"1069","sol.27.7e",2021,1981,4572,3866,0.2701
"1070","sol.27.7e",2021,1982,4575,5968,0.3207
"1071","sol.27.7e",2021,1983,4374,6982,0.3633
"1072","sol.27.7e",2021,1984,4430,3765,0.3
"1073","sol.27.7e",2021,1985,4009,5848,0.3288
"1074","sol.27.7e",2021,1986,4013,3878,0.3104
"1075","sol.27.7e",2021,1987,4112,3736,0.2884
"1076","sol.27.7e",2021,1988,4043,2818,0.3333
"1077","sol.27.7e",2021,1989,3443,7163,0.4094
"1078","sol.27.7e",2021,1990,3287,3903,0.4036
"1079","sol.27.7e",2021,1991,2991,3351,0.2726
"1080","sol.27.7e",2021,1992,2938,2378,0.2441
"1081","sol.27.7e",2021,1993,2811,3454,0.3123
"1082","sol.27.7e",2021,1994,3054,3942,0.2305
"1083","sol.27.7e",2021,1995,3069,3335,0.2958
"1084","sol.27.7e",2021,1996,3056,4409,0.2647
"1085","sol.27.7e",2021,1997,2923,3576,0.3186
"1086","sol.27.7e",2021,1998,2913,6548,0.2963
"1087","sol.27.7e",2021,1999,2834,5429,0.3242
"1088","sol.27.7e",2021,2000,2871,3808,0.3102
"1089","sol.27.7e",2021,2001,2901,5380,0.3508
"1090","sol.27.7e",2021,2002,3019,2865,0.3451
"1091","sol.27.7e",2021,2003,3298,3995,0.2588
"1092","sol.27.7e",2021,2004,3109,4610,0.3074
"1093","sol.27.7e",2021,2005,3098,3931,0.3381
"1094","sol.27.7e",2021,2006,2727,4205,0.3499
"1095","sol.27.7e",2021,2007,2766,3769,0.364
"1096","sol.27.7e",2021,2008,2676,4857,0.3316
"1097","sol.27.7e",2021,2009,2983,3458,0.2226
"1098","sol.27.7e",2021,2010,3427,3507,0.2133
"1099","sol.27.7e",2021,2011,3536,3202,0.2059
"1100","sol.27.7e",2021,2012,3726,3382,0.2318
"1101","sol.27.7e",2021,2013,3640,4172,0.2378
"1102","sol.27.7e",2021,2014,3897,5715,0.2155
"1103","sol.27.7e",2021,2015,3941,4605,0.1921
"1104","sol.27.7e",2021,2016,4457,8338,0.2152
"1105","sol.27.7e",2021,2017,4212,6486,0.1879
"1106","sol.27.7e",2021,2018,4471,11728,0.2353
"1107","sol.27.7e",2021,2019,4749,4967,0.2712
"1108","sol.27.7e",2021,2020,5236,NA,0.2579
"1109","sol.27.7e",2021,2021,6082,NA,NA
"1110","sol.27.7fg",2021,1971,6647,4536,0.309899055532382
"1111","sol.27.7fg",2021,1972,5735,3414,0.284138315572986
"1112","sol.27.7fg",2021,1973,5909,3473,0.263954861149687
"1113","sol.27.7fg",2021,1974,5532,3497,0.24951682244787
"1114","sol.27.7fg",2021,1975,5061,5304,0.24254090792191
"1115","sol.27.7fg",2021,1976,4542,4845,0.281694637923915
"1116","sol.27.7fg",2021,1977,4357,5218,0.254180893702144
"1117","sol.27.7fg",2021,1978,4424,3684,0.229913251047042
"1118","sol.27.7fg",2021,1979,4626,4911,0.245618991582726
"1119","sol.27.7fg",2021,1980,4610,5055,0.280424186836929
"1120","sol.27.7fg",2021,1981,4252,5028,0.317519855575802
"1121","sol.27.7fg",2021,1982,4129,6490,0.334834973858119
"1122","sol.27.7fg",2021,1983,4073,5690,0.353752065944251
"1123","sol.27.7fg",2021,1984,4202,5630,0.357936579845396
"1124","sol.27.7fg",2021,1985,3925,3922,0.386718571320651
"1125","sol.27.7fg",2021,1986,4059,5693,0.426905982753544
"1126","sol.27.7fg",2021,1987,3577,4607,0.420859268590716
"1127","sol.27.7fg",2021,1988,3286,4837,0.411551462498102
"1128","sol.27.7fg",2021,1989,3107,7431,0.388591536541365
"1129","sol.27.7fg",2021,1990,2883,4930,0.409363672882483
"1130","sol.27.7fg",2021,1991,3195,5042,0.394468314745663
"1131","sol.27.7fg",2021,1992,3258,4736,0.385552493299051
"1132","sol.27.7fg",2021,1993,3049,4311,0.414911554831738
"1133","sol.27.7fg",2021,1994,2818,3775,0.451039526847088
"1134","sol.27.7fg",2021,1995,2732,4380,0.497828566927738
"1135","sol.27.7fg",2021,1996,2467,6317,0.501848715132264
"1136","sol.27.7fg",2021,1997,2191,7848,0.512284182624165
"1137","sol.27.7fg",2021,1998,2406,13725,0.48064327209958
"1138","sol.27.7fg",2021,1999,2667,9129,0.423377133974981
"1139","sol.27.7fg",2021,2000,2896,5650,0.367323169984222
"1140","sol.27.7fg",2021,2001,4333,7103,0.360993842994987
"1141","sol.27.7fg",2021,2002,4416,5371,0.370476115067509
"1142","sol.27.7fg",2021,2003,4152,4726,0.407422495091587
"1143","sol.27.7fg",2021,2004,4062,4206,0.423276092320956
"1144","sol.27.7fg",2021,2005,3677,3467,0.410994062398276
"1145","sol.27.7fg",2021,2006,3232,3815,0.392873850605665
"1146","sol.27.7fg",2021,2007,2958,7326,0.371813191992687
"1147","sol.27.7fg",2021,2008,2926,6865,0.341515403290106
"1148","sol.27.7fg",2021,2009,3032,3130,0.322558003743728
"1149","sol.27.7fg",2021,2010,3339,5454,0.30901218254184
"1150","sol.27.7fg",2021,2011,3639,6517,0.315102767945662
"1151","sol.27.7fg",2021,2012,3577,5292,0.338260091355693
"1152","sol.27.7fg",2021,2013,3485,4060,0.339065102336515
"1153","sol.27.7fg",2021,2014,3743,8041,0.338966377357981
"1154","sol.27.7fg",2021,2015,3597,8180,0.306342139023186
"1155","sol.27.7fg",2021,2016,3669,14256,0.274280520389575
"1156","sol.27.7fg",2021,2017,4045,6389,0.246165577190984
"1157","sol.27.7fg",2021,2018,5080,7621,0.232036365397026
"1158","sol.27.7fg",2021,2019,5793,6434,0.242530174448636
"1159","sol.27.7fg",2021,2020,5811,5055,0.268728180159686
"1160","sol.27.7fg",2021,2021,6138,NA,NA
"1161","whb.27.1-91214",2021,1981,2843799,4696923,0.258
"1162","whb.27.1-91214",2021,1982,2302366,18021467,0.221
"1163","whb.27.1-91214",2021,1983,1856506,17927420,0.255
"1164","whb.27.1-91214",2021,1984,1750611,9575365,0.319
"1165","whb.27.1-91214",2021,1985,2086876,7251591,0.357
"1166","whb.27.1-91214",2021,1986,2269479,9110901,0.436
"1167","whb.27.1-91214",2021,1987,1930865,6440989,0.42
"1168","whb.27.1-91214",2021,1988,1637715,8544270,0.441
"1169","whb.27.1-91214",2021,1989,1547055,18706545,0.529
"1170","whb.27.1-91214",2021,1990,1358764,9030557,0.517
"1171","whb.27.1-91214",2021,1991,1778560,6712684,0.291
"1172","whb.27.1-91214",2021,1992,2458361,4997346,0.233
"1173","whb.27.1-91214",2021,1993,2540185,8107500,0.204
"1174","whb.27.1-91214",2021,1994,2534082,9366200,0.184
"1175","whb.27.1-91214",2021,1995,2311535,27896658,0.241
"1176","whb.27.1-91214",2021,1996,2210376,44565707,0.296
"1177","whb.27.1-91214",2021,1997,2464353,26745578,0.3
"1178","whb.27.1-91214",2021,1998,3669862,20454274,0.404
"1179","whb.27.1-91214",2021,1999,4432233,39231005,0.389
"1180","whb.27.1-91214",2021,2000,4230752,55702658,0.477
"1181","whb.27.1-91214",2021,2001,4568522,48895878,0.467
"1182","whb.27.1-91214",2021,2002,5400006,52676531,0.473
"1183","whb.27.1-91214",2021,2003,6849571,28616022,0.502
"1184","whb.27.1-91214",2021,2004,6755492,22242605,0.54
"1185","whb.27.1-91214",2021,2005,6018029,9091134,0.505
"1186","whb.27.1-91214",2021,2006,5870609,4952577,0.459
"1187","whb.27.1-91214",2021,2007,4666706,5842915,0.458
"1188","whb.27.1-91214",2021,2008,3593810,5763280,0.403
"1189","whb.27.1-91214",2021,2009,2758087,15334306,0.261
"1190","whb.27.1-91214",2021,2010,2689104,19236335,0.182
"1191","whb.27.1-91214",2021,2011,2713450,19175444,0.052
"1192","whb.27.1-91214",2021,2012,3445804,16039501,0.112
"1193","whb.27.1-91214",2021,2013,3768379,37131235,0.196
"1194","whb.27.1-91214",2021,2014,4004460,62818315,0.38
"1195","whb.27.1-91214",2021,2015,4177415,34221938,0.498
"1196","whb.27.1-91214",2021,2016,4900689,11565966,0.439
"1197","whb.27.1-91214",2021,2017,6058300,12061390,0.418
"1198","whb.27.1-91214",2021,2018,5916510,13079208,0.426
"1199","whb.27.1-91214",2021,2019,5061219,22788112,0.395
"1200","whb.27.1-91214",2021,2020,4151143,29805438,0.463
"1201","whb.27.1-91214",2021,2021,3444751,NA,0.508
"1202","whg.27.6a",2021,1981,107907,812632,0.137
"1203","whg.27.6a",2021,1982,91186,832298,0.202
"1204","whg.27.6a",2021,1983,66830,1082047,0.3
"1205","whg.27.6a",2021,1984,46649,880298,0.377
"1206","whg.27.6a",2021,1985,37750,743245,0.44
"1207","whg.27.6a",2021,1986,31897,1354517,0.315
"1208","whg.27.6a",2021,1987,35418,510155,0.441
"1209","whg.27.6a",2021,1988,39816,749690,0.51
"1210","whg.27.6a",2021,1989,25907,657216,0.461
"1211","whg.27.6a",2021,1990,24534,860236,0.318
"1212","whg.27.6a",2021,1991,26839,1145112,0.321
"1213","whg.27.6a",2021,1992,32503,771780,0.309
"1214","whg.27.6a",2021,1993,37876,785939,0.268
"1215","whg.27.6a",2021,1994,36128,755366,0.245
"1216","whg.27.6a",2021,1995,36436,696054,0.31
"1217","whg.27.6a",2021,1996,33321,657609,0.419
"1218","whg.27.6a",2021,1997,26628,657222,0.406
"1219","whg.27.6a",2021,1998,22647,402613,0.561
"1220","whg.27.6a",2021,1999,17719,866442,0.565
"1221","whg.27.6a",2021,2000,15349,328494,0.601
"1222","whg.27.6a",2021,2001,17600,213390,0.417
"1223","whg.27.6a",2021,2002,13564,287758,0.375
"1224","whg.27.6a",2021,2003,9820,217260,0.333
"1225","whg.27.6a",2021,2004,8901,117059,0.394
"1226","whg.27.6a",2021,2005,7292,106349,0.19
"1227","whg.27.6a",2021,2006,6530,65960,0.162
"1228","whg.27.6a",2021,2007,6301,59396,0.129
"1229","whg.27.6a",2021,2008,5765,98577,0.1
"1230","whg.27.6a",2021,2009,5800,302352,0.128
"1231","whg.27.6a",2021,2010,7682,96013,0.153
"1232","whg.27.6a",2021,2011,11751,204747,0.081
"1233","whg.27.6a",2021,2012,12292,113307,0.101
"1234","whg.27.6a",2021,2013,13564,257644,0.12
"1235","whg.27.6a",2021,2014,12218,477394,0.06
"1236","whg.27.6a",2021,2015,15676,324234,0.072
"1237","whg.27.6a",2021,2016,22787,268962,0.059
"1238","whg.27.6a",2021,2017,25361,206089,0.063
"1239","whg.27.6a",2021,2018,24672,427777,0.051
"1240","whg.27.6a",2021,2019,22757,480698,0.067
"1241","whg.27.6a",2021,2020,26525,202293,0.065
"1242","whg.27.6a",2021,2021,30357,202293,NA
"1243","whg.27.7a",2021,1980,35180,542928,0.3516
"1244","whg.27.7a",2021,1981,46274,317099,0.427
"1245","whg.27.7a",2021,1982,34550,281120,0.494
"1246","whg.27.7a",2021,1983,21664,881413,0.5117
"1247","whg.27.7a",2021,1984,14604,632132,0.6152
"1248","whg.27.7a",2021,1985,22445,513038,0.743
"1249","whg.27.7a",2021,1986,17993,871624,0.5812
"1250","whg.27.7a",2021,1987,16029,472840,0.6119
"1251","whg.27.7a",2021,1988,20374,484433,0.5209
"1252","whg.27.7a",2021,1989,16876,594310,0.7333
"1253","whg.27.7a",2021,1990,12524,517611,0.6252
"1254","whg.27.7a",2021,1991,13511,668786,0.6329
"1255","whg.27.7a",2021,1992,11566,230093,1.037
"1256","whg.27.7a",2021,1993,9414,212460,0.8263
"1257","whg.27.7a",2021,1994,5414,183093,0.8582
"1258","whg.27.7a",2021,1995,3900,339894,0.8449
"1259","whg.27.7a",2021,1996,2701,203161,0.9174
"1260","whg.27.7a",2021,1997,2954,171419,0.8001
"1261","whg.27.7a",2021,1998,2443,167329,1.124
"1262","whg.27.7a",2021,1999,1448,208488,0.8863
"1263","whg.27.7a",2021,2000,1421,109709,1.153
"1264","whg.27.7a",2021,2001,1256,192756,0.9353
"1265","whg.27.7a",2021,2002,1120,79853,1.278
"1266","whg.27.7a",2021,2003,1128,121161,0.6394
"1267","whg.27.7a",2021,2004,1198,94481,1.785
"1268","whg.27.7a",2021,2005,488.4,105994,0.4808
"1269","whg.27.7a",2021,2006,996.6,154757,1.574
"1270","whg.27.7a",2021,2007,529.7,103910,1.24
"1271","whg.27.7a",2021,2008,673.2,149069,1.005
"1272","whg.27.7a",2021,2009,685.7,92879,1.139
"1273","whg.27.7a",2021,2010,769.7,92454,1.191
"1274","whg.27.7a",2021,2011,562.5,151434,0.892
"1275","whg.27.7a",2021,2012,635,79035,1.178
"1276","whg.27.7a",2021,2013,776.7,160728,0.6792
"1277","whg.27.7a",2021,2014,880.2,197009,1.552
"1278","whg.27.7a",2021,2015,623,123897,1.009
"1279","whg.27.7a",2021,2016,894.5,82217,0.5714
"1280","whg.27.7a",2021,2017,1097,104346,0.4542
"1281","whg.27.7a",2021,2018,1172,108122,0.4513
"1282","whg.27.7a",2021,2019,1300,207690,0.7307
"1283","whg.27.7a",2021,2020,1073,129971,0.7595
"1284","whg.27.7a",2021,2021,1393,119971,NA
"1285","whg.27.7b-ce-k",2021,1999,61155,2164746,0.804
"1286","whg.27.7b-ce-k",2021,2000,53303,1854498,0.811
"1287","whg.27.7b-ce-k",2021,2001,64208,1406546,0.893
"1288","whg.27.7b-ce-k",2021,2002,73921,1270409,0.616
"1289","whg.27.7b-ce-k",2021,2003,70959,969463,0.562
"1290","whg.27.7b-ce-k",2021,2004,64785,843915,0.706
"1291","whg.27.7b-ce-k",2021,2005,45709,746124,0.759
"1292","whg.27.7b-ce-k",2021,2006,41667,788980,0.657
"1293","whg.27.7b-ce-k",2021,2007,38626,977045,1.143
"1294","whg.27.7b-ce-k",2021,2008,36493,1201563,0.692
"1295","whg.27.7b-ce-k",2021,2009,45959,1400384,0.635
"1296","whg.27.7b-ce-k",2021,2010,69991,685700,0.536
"1297","whg.27.7b-ce-k",2021,2011,70233,653475,0.428
"1298","whg.27.7b-ce-k",2021,2012,63302,600632,0.394
"1299","whg.27.7b-ce-k",2021,2013,56931,1414790,0.407
"1300","whg.27.7b-ce-k",2021,2014,64149,567204,0.447
"1301","whg.27.7b-ce-k",2021,2015,63702,533781,0.541
"1302","whg.27.7b-ce-k",2021,2016,50810,348159,0.714
"1303","whg.27.7b-ce-k",2021,2017,35894,299364,0.701
"1304","whg.27.7b-ce-k",2021,2018,25981,497185,0.753
"1305","whg.27.7b-ce-k",2021,2019,25705,328106,0.552
"1306","whg.27.7b-ce-k",2021,2020,29668,395701,0.409
"1307","whg.27.7b-ce-k",2021,2021,28381,533781,NA
