"StockKeyLabel","AssessmentYear","Year","F","FMSY","SSB","Low_Recruitment","Recruitment","High_Recruitment","RecruitmentAge"
"aru.27.5b6a",2022,1995,0.144,0.24,121425,66206,78943,94129,5
"aru.27.5b6a",2022,1996,0.128,0.24,105201,71306,83199,97075,5
"aru.27.5b6a",2022,1997,0.155,0.24,105565,79818,91396,104653,5
"aru.27.5b6a",2022,1998,0.287,0.24,99065,87539,100228,114756,5
"aru.27.5b6a",2022,1999,0.233,0.24,90032,90015,102593,116928,5
"aru.27.5b6a",2022,2000,0.162,0.24,91475,91686,104317,118688,5
"aru.27.5b6a",2022,2001,0.309,0.24,94223,95779,109635,125496,5
"aru.27.5b6a",2022,2002,0.254,0.24,89230,92990,105811,120400,5
"aru.27.5b6a",2022,2003,0.115,0.24,90155,95007,109197,125506,5
"aru.27.5b6a",2022,2004,0.067,0.24,96875,89935,102606,117062,5
"aru.27.5b6a",2022,2005,0.1,0.24,101855,89622,102726,117746,5
"aru.27.5b6a",2022,2006,0.114,0.24,111399,85503,98048,112435,5
"aru.27.5b6a",2022,2007,0.098,0.24,119483,82952,95349,109598,5
"aru.27.5b6a",2022,2008,0.144,0.24,119394,77960,90212,104389,5
"aru.27.5b6a",2022,2009,0.179,0.24,113570,76346,88479,102541,5
"aru.27.5b6a",2022,2010,0.26,0.24,108283,76633,88711,102693,5
"aru.27.5b6a",2022,2011,0.32,0.24,96179,77025,89261,103441,5
"aru.27.5b6a",2022,2012,0.196,0.24,87917,80100,92845,107617,5
"aru.27.5b6a",2022,2013,0.304,0.24,83232,79990,92997,108120,5
"aru.27.5b6a",2022,2014,0.2,0.24,78089,83288,97100,113203,5
"aru.27.5b6a",2022,2015,0.204,0.24,79279,88594,104137,122406,5
"aru.27.5b6a",2022,2016,0.203,0.24,82324,90976,107781,127691,5
"aru.27.5b6a",2022,2017,0.231,0.24,78452,92950,111779,134423,5
"aru.27.5b6a",2022,2018,0.144,0.24,74854,92702,113113,138018,5
"aru.27.5b6a",2022,2019,0.192,0.24,78671,88831,109610,135249,5
"aru.27.5b6a",2022,2020,0.145,0.24,84107,82513,104078,131279,5
"aru.27.5b6a",2022,2021,0.185,0.24,90958,74819,98209,128911,5
"aru.27.5b6a",2022,2022,NA,0.24,89158,89261,104078,113113,5
"bli.27.5b67",2022,1995,0.12603,0.12,65099.1676888412,1811.2452,3247.2,4683.1548,9
"bli.27.5b67",2022,1996,0.13231,0.12,65466.406384193,1861.4464,3305.3,4749.1536,9
"bli.27.5b67",2022,1997,0.17005,0.12,67430.6406477095,1824.436,3913.6,6002.764,9
"bli.27.5b67",2022,1998,0.1739,0.12,64960.1323650303,1917.6652,3276.2,4634.7348,9
"bli.27.5b67",2022,1999,0.21077,0.12,65762.9062562843,1953.376,4191.5,6429.624,9
"bli.27.5b67",2022,2000,0.2167,0.12,61685.2592902047,2103.4532,3314.4,4525.3468,9
"bli.27.5b67",2022,2001,0.23269,0.12,58983.0208445561,2335.7008,3533.3,4730.8992,9
"bli.27.5b67",2022,2002,0.18273,0.12,53590.2194598272,1802.7992,2741.6,3680.4008,9
"bli.27.5b67",2022,2003,0.16181,0.12,52133.5650680766,2078.3516,2908,3737.6484,9
"bli.27.5b67",2022,2004,0.12351,0.12,53376.5669306028,2573.7976,3381.2,4188.6024,9
"bli.27.5b67",2022,2005,0.10927,0.12,57155.6773305034,2873.228,3683.1,4492.972,9
"bli.27.5b67",2022,2006,0.11165,0.12,61040.8634121177,2886.6752,3677.3,4467.9248,9
"bli.27.5b67",2022,2007,0.10272,0.12,63149.6212207149,2578.23,3334.3,4090.37,9
"bli.27.5b67",2022,2008,0.0747,0.12,64838.4111315212,2430.5652,3181.5,3932.4348,9
"bli.27.5b67",2022,2009,0.07437,0.12,67146.5373755545,2231.4428,2960.7,3689.9572,9
"bli.27.5b67",2022,2010,0.08358,0.12,68237.4503500887,1982.618,2694,3405.382,9
"bli.27.5b67",2022,2011,0.05135,0.12,68500.9599019596,1924.7428,2668.7,3412.6572,9
"bli.27.5b67",2022,2012,0.05606,0.12,70443.8897424896,1865.0632,2620.8,3376.5368,9
"bli.27.5b67",2022,2013,0.04445,0.12,70648.6653346764,1511.588,2250.9,2990.212,9
"bli.27.5b67",2022,2014,0.05029,0.12,72117.1099679413,1619.2196,2437.5,3255.7804,9
"bli.27.5b67",2022,2015,0.04711,0.12,75027.7957604728,2098.9476,3055.8,4012.6524,9
"bli.27.5b67",2022,2016,0.04885,0.12,76982.9895293246,1831.2496,2783.3,3735.3504,9
"bli.27.5b67",2022,2017,0.0387,0.12,78684.4856427745,1831.2952,2823.8,3816.3048,9
"bli.27.5b67",2022,2018,0.04784,0.12,80265.2527498507,1613.9944,2643.7,3673.4056,9
"bli.27.5b67",2022,2019,0.04601,0.12,83902.0726322266,2324.6308,3543.3,4761.9692,9
"bli.27.5b67",2022,2020,0.04447,0.12,90851.590612075,2922.4848,4609.3,6296.1152,9
"bli.27.5b67",2022,2021,0.05568,0.12,95477.8983986449,2340.258,4004.2,5668.142,9
"bli.27.5b67",2022,2022,NA,0.12,95514.988047806,NA,3168,NA,9
"bss.27.4bc7ad-h",2021,1987,0.1596367,0.1713,18445.7,14961.1172,21261.4,27561.683,0
"bss.27.4bc7ad-h",2021,1988,0.1284094,0.1713,16791.1,9894.0584,17341,24787.942,0
"bss.27.4bc7ad-h",2021,1989,0.1291675,0.1713,16163.7,76474.1728,91287.5,106100.827,0
"bss.27.4bc7ad-h",2021,1990,0.1310743,0.1713,14827.5,2282.7576,7456.55,12630.342,0
"bss.27.4bc7ad-h",2021,1991,0.1506857,0.1713,13002,9269.1268,15421.9,21574.673,0
"bss.27.4bc7ad-h",2021,1992,0.152536,0.1713,11421.6,15646.9748,22821.3,29995.625,0
"bss.27.4bc7ad-h",2021,1993,0.1457289,0.1713,11825.4,4101.4244,8729.2,13356.976,0
"bss.27.4bc7ad-h",2021,1994,0.1305484,0.1713,14493.5,23997.774,33723,43448.226,0
"bss.27.4bc7ad-h",2021,1995,0.1434664,0.1713,18233.8,39118.3264,50199.5,61280.674,0
"bss.27.4bc7ad-h",2021,1996,0.1972296,0.1713,20206.1,455.2504,3153.21,5851.17,0
"bss.27.4bc7ad-h",2021,1997,0.1839774,0.1713,19367.9,45556.4048,57980.1,70403.795,0
"bss.27.4bc7ad-h",2021,1998,0.1792867,0.1713,18116.5,8016.4172,17300.8,26585.183,0
"bss.27.4bc7ad-h",2021,1999,0.1929948,0.1713,17486.7,43408.4364,56876.4,70344.364,0
"bss.27.4bc7ad-h",2021,2000,0.1776792,0.1713,17573.6,15250.1096,24520.4,33790.69,0
"bss.27.4bc7ad-h",2021,2001,0.1777983,0.1713,18559.2,15468.7324,27540,39611.268,0
"bss.27.4bc7ad-h",2021,2002,0.1754968,0.1713,19420.2,28607.4016,43463.3,58319.198,0
"bss.27.4bc7ad-h",2021,2003,0.2052478,0.1713,20639.9,31478.0528,44286.3,57094.547,0
"bss.27.4bc7ad-h",2021,2004,0.2109452,0.1713,21395.2,23079.8256,33889.5,44699.174,0
"bss.27.4bc7ad-h",2021,2005,0.2397736,0.1713,21909.6,14859.7676,22741.3,30622.832,0
"bss.27.4bc7ad-h",2021,2006,0.2419195,0.1713,21418.3,16864.3204,24431.9,31999.48,0
"bss.27.4bc7ad-h",2021,2007,0.2276021,0.1713,20929.3,19334.6436,28175.4,37016.156,0
"bss.27.4bc7ad-h",2021,2008,0.2261883,0.1713,21185.3,7991.2964,14729.6,21467.904,0
"bss.27.4bc7ad-h",2021,2009,0.2186966,0.1713,21443.8,8123.3216,12940.1,17756.878,0
"bss.27.4bc7ad-h",2021,2010,0.2554828,0.1713,21171.9,331.1968,2513.99,4696.783,0
"bss.27.4bc7ad-h",2021,2011,0.2374672,0.1713,19566.1,6867.9244,10481.4,14094.876,0
"bss.27.4bc7ad-h",2021,2012,0.2592886,0.1713,18100.4,2220.8328,4586.2,6951.567,0
"bss.27.4bc7ad-h",2021,2013,0.2994173,0.1713,16176.4,9951.36,16353.7,22756.04,0
"bss.27.4bc7ad-h",2021,2014,0.2422148,0.1713,13483.1,17494.8428,27690.9,37886.957,0
"bss.27.4bc7ad-h",2021,2015,0.2230145,0.1713,11408.2,1642.0184,5337.03,9032.042,0
"bss.27.4bc7ad-h",2021,2016,0.1407156,0.1713,9496.04,8355.2964,20924.6,33493.904,0
"bss.27.4bc7ad-h",2021,1985,0.1034627,0.1713,23458.1,73.64456,858.113,1642.581,0
"bss.27.4bc7ad-h",2021,1986,0.1220908,0.1713,20629.8,438.2444,2507.24,4576.236,0
"bss.27.4bc7ad-h",2021,2017,0.1168849,0.1713,8708.86,1269.734,5458.45,9647.166,0
"bss.27.4bc7ad-h",2021,2018,0.1036627,0.1713,8720.1,2682.3172,17018.6,31354.883,0
"bss.27.4bc7ad-h",2021,2019,0.1010114,0.1713,9543.17,NA,9696,NA,0
"bss.27.4bc7ad-h",2021,2020,0.1086823,0.1713,10772.8,NA,9696,NA,0
"bss.27.4bc7ad-h",2021,2021,NA,0.1713,11619.4,NA,9696,NA,0
"cap.27.2a514",2021,2016,NA,NA,298000,4930000,9400000,14750000,0
"cap.27.2a514",2021,2017,NA,NA,355000,10420000,26100000,46310000,0
"cap.27.2a514",2021,2018,NA,NA,352000,7240000,10800000,15360000,0
"cap.27.2a514",2021,2019,NA,NA,204000,36620000,82600000,150650000,0
"cap.27.2a514",2021,2020,NA,NA,156770,97490000,146260000,208130000,0
"cap.27.2a514",2021,2021,NA,NA,344100,101640000,130740000,167990000,0
"cod.27.6a",2021,1981,0.677,0.3,43283,7725,10730,14905,1
"cod.27.6a",2021,1982,0.719,0.3,42496,17915,24180,32637,1
"cod.27.6a",2021,1983,0.784,0.3,35778,10516,14158,19062,1
"cod.27.6a",2021,1984,0.857,0.3,30417,17917,24072,32341,1
"cod.27.6a",2021,1985,0.914,0.3,25407,7918,10611,14218,1
"cod.27.6a",2021,1986,0.875,0.3,21989,15589,21463,29550,1
"cod.27.6a",2021,1987,0.906,0.3,24080,31093,43214,60060,1
"cod.27.6a",2021,1988,0.908,0.3,26692,5385,7331,9980,1
"cod.27.6a",2021,1989,0.925,0.3,24972,15857,21484,29108,1
"cod.27.6a",2021,1990,0.868,0.3,19319,5792,7985,11006,1
"cod.27.6a",2021,1991,0.895,0.3,16182,8706,11755,15873,1
"cod.27.6a",2021,1992,0.894,0.3,14300,16130,21811,29494,1
"cod.27.6a",2021,1993,0.89,0.3,14315,5671,7867,10912,1
"cod.27.6a",2021,1994,0.889,0.3,14092,9679,13868,19871,1
"cod.27.6a",2021,1995,0.906,0.3,13096,7010,10236,14948,1
"cod.27.6a",2021,1996,0.94,0.3,11009,2838,4230,6303,1
"cod.27.6a",2021,1997,0.966,0.3,9366,11386,17060,25560,1
"cod.27.6a",2021,1998,0.967,0.3,9144,3593,5443,8244,1
"cod.27.6a",2021,1999,0.971,0.3,7727,2832,4309,6556,1
"cod.27.6a",2021,2000,0.967,0.3,6684,9599,14632,22303,1
"cod.27.6a",2021,2001,0.988,0.3,6995,2708,4145,6344,1
"cod.27.6a",2021,2002,1.001,0.3,6438,4591,6995,10659,1
"cod.27.6a",2021,2003,1.032,0.3,5242,1535,2311,3478,1
"cod.27.6a",2021,2004,1.058,0.3,3659,2203,3248,4789,1
"cod.27.6a",2021,2005,1.067,0.3,2629,1487,2222,3320,1
"cod.27.6a",2021,2006,1.049,0.3,2495,4933,7256,10673,1
"cod.27.6a",2021,2007,1.026,0.3,3112,1642,2470,3715,1
"cod.27.6a",2021,2008,1.032,0.3,3124,1201,1772,2614,1
"cod.27.6a",2021,2009,1.07,0.3,2544,3825,5475,7836,1
"cod.27.6a",2021,2010,1.013,0.3,2930,4531,6397,9031,1
"cod.27.6a",2021,2011,0.972,0.3,3797,1674,2416,3488,1
"cod.27.6a",2021,2012,0.847,0.3,3842,2936,4136,5828,1
"cod.27.6a",2021,2013,0.771,0.3,3945,5255,7440,10534,1
"cod.27.6a",2021,2014,0.709,0.3,4984,4475,6313,8904,1
"cod.27.6a",2021,2015,0.667,0.3,6246,4107,5842,8310,1
"cod.27.6a",2021,2016,0.654,0.3,6702,1540,2181,3088,1
"cod.27.6a",2021,2017,0.702,0.3,6173,1359,1933,2749,1
"cod.27.6a",2021,2018,0.745,0.3,4488,618,912,1346,1
"cod.27.6a",2021,2019,0.769,0.3,2988,2779,4028,5840,1
"cod.27.6a",2021,2020,0.749,0.3,2630,1424,2412,4086,1
"cod.27.6a",2021,2021,NA,0.3,2893,344,1614,7587,1
"cod.27.7a",2018,1988,0.9739298,0.44,12465.5,26482.02,30475.62,34469.22,0
"cod.27.7a",2018,1989,1.094396,0.44,14053.13,31335.21,35851.21,40367.21,0
"cod.27.7a",2018,1990,0.8858251,0.44,9878.955,34222.74,39224.54,44226.34,0
"cod.27.7a",2018,1991,1.106962,0.44,7128.088,60501.66,66160.06,71818.46,0
"cod.27.7a",2018,1992,1.170421,0.44,6047.362,13521.25,15559.25,17597.25,0
"cod.27.7a",2018,1993,1.265724,0.44,5729.53,39327.25,42872.35,46417.45,0
"cod.27.7a",2018,1994,1.329407,0.44,4908.016,31647.93,34669.43,37690.93,0
"cod.27.7a",2018,1995,0.9457197,0.44,3515.417,30316.14,33208.94,36101.74,0
"cod.27.7a",2018,1996,1.012121,0.44,4417.016,45394.41,49018.61,52642.81,0
"cod.27.7a",2018,1997,1.061036,0.44,5222.717,13497.05,15143.05,16789.05,0
"cod.27.7a",2018,1998,0.9578882,0.44,5766.259,3279.212,3913.782,4548.352,0
"cod.27.7a",2018,1999,1.75681,0.44,5256.15,26975.81,28820.11,30664.41,0
"cod.27.7a",2018,2000,1.354877,0.44,1592.532,10711.47,11840.57,12969.67,0
"cod.27.7a",2018,2001,0.9781275,0.44,2765.786,13562.76,14782.96,16003.16,0
"cod.27.7a",2018,2002,1.29777,0.44,3243.844,4622.188,5194.148,5766.108,0
"cod.27.7a",2018,2003,0.96812,0.44,2456.97,8184.806,8858.996,9533.186,0
"cod.27.7a",2018,2004,0.8607702,0.44,2239.831,4595.796,5039.796,5483.796,0
"cod.27.7a",2018,2005,0.9046863,0.44,2157.03,5100.197,5505.867,5911.537,0
"cod.27.7a",2018,2006,1.045625,0.44,1855.022,5867.921,6282.431,6696.941,0
"cod.27.7a",2018,2007,1.015422,0.44,1756.104,1139.322,1301.582,1463.842,0
"cod.27.7a",2018,2008,1.074138,0.44,1621.178,4116.047,4474.757,4833.467,0
"cod.27.7a",2018,1968,0.5998134,0.44,15691.18,46089.08,49788.78,53488.48,0
"cod.27.7a",2018,1969,0.7956164,0.44,15242.27,64352.14,70916.94,77481.74,0
"cod.27.7a",2018,1970,0.5953286,0.44,11707.45,107886,116626.7,125367.4,0
"cod.27.7a",2018,1971,0.654678,0.44,12866.84,36011.98,41581.58,47151.18,0
"cod.27.7a",2018,1972,0.5752746,0.44,16340.44,101420.6,110047.9,118675.2,0
"cod.27.7a",2018,1973,0.7452568,0.44,20615.62,21363.48,25382.48,29401.48,0
"cod.27.7a",2018,1974,0.6679787,0.44,17311.28,80730.64,87804.34,94878.04,0
"cod.27.7a",2018,2009,1.028109,0.44,1046.168,7448.993,8134.283,8819.573,0
"cod.27.7a",2018,2010,1.048475,0.44,1288.842,3586,4084.52,4583.04,0
"cod.27.7a",2018,2011,0.36833,0.44,1534.72,3781.373,4466.403,5151.433,0
"cod.27.7a",2018,2012,0.6724045,0.44,1945.987,5291.062,6435.362,7579.662,0
"cod.27.7a",2018,2013,0.2319403,0.44,2058.758,7291.352,9012.852,10734.352,0
"cod.27.7a",2018,2014,0.1668795,0.44,3101.298,3646.031,4621.101,5596.171,0
"cod.27.7a",2018,2015,0.1027587,0.44,4146.315,6499.184,8298.284,10097.384,0
"cod.27.7a",2018,1975,0.7441629,0.44,17776.95,24127.89,27893.89,31659.89,0
"cod.27.7a",2018,1976,0.7548844,0.44,13812.04,38039.31,42582.61,47125.91,0
"cod.27.7a",2018,1977,0.7758029,0.44,13267.95,40955.65,45993.25,51030.85,0
"cod.27.7a",2018,1978,0.5610353,0.44,9780.457,87823.02,95694.92,103566.82,0
"cod.27.7a",2018,1979,0.6533298,0.44,10647.01,104819,113785.2,122751.4,0
"cod.27.7a",2018,1980,0.6731656,0.44,12503.23,58166.02,64883.32,71600.62,0
"cod.27.7a",2018,1981,0.7520822,0.44,17616.41,24848.51,28800.81,32753.11,0
"cod.27.7a",2018,2016,0.04357486,0.44,4891.5,459.6125,670.0225,880.4325,0
"cod.27.7a",2018,2017,0.03921499,0.44,6938.838,5126.218,8018.318,10910.418,0
"cod.27.7a",2018,2018,NA,0.44,8109.61645933666,NA,5107,NA,0
"cod.27.7a",2018,1982,0.8408951,0.44,20117.97,37195.26,41796.86,46398.46,0
"cod.27.7a",2018,1983,0.7725374,0.44,16537.1,59431.43,65423.43,71415.43,0
"cod.27.7a",2018,1984,0.7420728,0.44,11647.1,56351.16,62609.76,68868.36,0
"cod.27.7a",2018,1985,0.8126584,0.44,11915.26,43967.27,49816.97,55666.67,0
"cod.27.7a",2018,1986,0.8110997,0.44,12219.6,129960.4,140508.4,151056.4,0
"cod.27.7a",2018,1987,0.939897,0.44,13039.56,60466.72,67137.92,73809.12,0
"cod.27.7e-k",2021,1980,0.915,0.29,10166,7382,16740,37959,1
"cod.27.7e-k",2021,1981,0.893,0.29,12924,3520,7657,16656,1
"cod.27.7e-k",2021,1982,0.827,0.29,13050,1641,3551,7684,1
"cod.27.7e-k",2021,1983,0.849,0.29,10605,3756,7917,16689,1
"cod.27.7e-k",2021,1984,0.745,0.29,8264,4333,9034,18835,1
"cod.27.7e-k",2021,1985,0.751,0.29,9816,3645,7623,15942,1
"cod.27.7e-k",2021,1986,0.809,0.29,10992,3869,8227,17493,1
"cod.27.7e-k",2021,1987,0.831,0.29,10305,13157,27431,57192,1
"cod.27.7e-k",2021,1988,0.774,0.29,15858,6635,13844,28885,1
"cod.27.7e-k",2021,1989,0.819,0.29,22338,2171,4611,9790,1
"cod.27.7e-k",2021,1990,0.896,0.29,17747,2916,6289,13566,1
"cod.27.7e-k",2021,1991,0.968,0.29,11103,7530,16225,34959,1
"cod.27.7e-k",2021,1992,0.957,0.29,10339,8721,18451,39037,1
"cod.27.7e-k",2021,1993,0.934,0.29,13492,4430,9545,20564,1
"cod.27.7e-k",2021,1994,0.968,0.29,13533,9565,20029,41940,1
"cod.27.7e-k",2021,1995,0.94,0.29,13827,7904,16407,34057,1
"cod.27.7e-k",2021,1996,0.961,0.29,15873,5753,11876,24513,1
"cod.27.7e-k",2021,1997,0.929,0.29,14406,6072,12548,25933,1
"cod.27.7e-k",2021,1998,0.96,0.29,12947,3738,7725,15965,1
"cod.27.7e-k",2021,1999,0.971,0.29,10667,2010,4133,8501,1
"cod.27.7e-k",2021,2000,0.95,0.29,7440,8100,16020,31685,1
"cod.27.7e-k",2021,2001,0.977,0.29,8724,7720,14945,28933,1
"cod.27.7e-k",2021,2002,1,0.29,11612,2869,5272,9688,1
"cod.27.7e-k",2021,2003,0.971,0.29,9174,2001,3263,5323,1
"cod.27.7e-k",2021,2004,0.946,0.29,5382,2633,4292,6996,1
"cod.27.7e-k",2021,2005,0.992,0.29,4169,5417,8015,11860,1
"cod.27.7e-k",2021,2006,0.914,0.29,5471,5485,8455,13033,1
"cod.27.7e-k",2021,2007,0.905,0.29,6765,4240,6387,9622,1
"cod.27.7e-k",2021,2008,0.881,0.29,6818,1457,2164,3214,1
"cod.27.7e-k",2021,2009,0.892,0.29,5465,3616,5344,7897,1
"cod.27.7e-k",2021,2010,0.868,0.29,5403,17074,24984,36559,1
"cod.27.7e-k",2021,2011,0.855,0.29,9240,6360,9366,13791,1
"cod.27.7e-k",2021,2012,0.92,0.29,14412,1130,1683,2506,1
"cod.27.7e-k",2021,2013,0.983,0.29,10347,1504,2246,3355,1
"cod.27.7e-k",2021,2014,0.9,0.29,6214,8189,12135,17982,1
"cod.27.7e-k",2021,2015,0.925,0.29,6552,716,1074,1612,1
"cod.27.7e-k",2021,2016,0.968,0.29,5981,1599,2398,3595,1
"cod.27.7e-k",2021,2017,1.151,0.29,3265,407,620,943,1
"cod.27.7e-k",2021,2018,1.231,0.29,1655,1006,1526,2314,1
"cod.27.7e-k",2021,2019,1.287,0.29,1036,2668,4056,6165,1
"cod.27.7e-k",2021,2020,1.15,0.29,1395,756,1488,2929,1
"cod.27.7e-k",2021,2021,NA,0.29,1710,620,1526,4056,1
"dgs.27.nea",2020,1905,0.00588284,NA,332529,393141.4,410722,428302.6,0
"dgs.27.nea",2020,1906,0.00179472,NA,330656,393454.6,411052,428649.4,0
"dgs.27.nea",2020,1907,0.0011665,NA,330095,393543.4,411145,428746.6,0
"dgs.27.nea",2020,1908,0.00115185,NA,329740,393599.4,411203,428806.6,0
"dgs.27.nea",2020,1909,0.00165401,NA,329406,393651.6,411257,428862.4,0
"dgs.27.nea",2020,1910,0.00127981,NA,328936,393722,411331,428940,0
"dgs.27.nea",2020,1911,0.00160344,NA,328611,393770.6,411382,428993.4,0
"dgs.27.nea",2020,1912,0.00262312,NA,328213,393828.4,411443,429057.6,0
"dgs.27.nea",2020,1913,0.00332627,NA,327526,393922.4,411544,429165.6,0
"dgs.27.nea",2020,1914,0.00217363,NA,326652,394034,411665,429296,0
"dgs.27.nea",2020,1915,0.00214373,NA,326171,394094.2,411730,429365.8,0
"dgs.27.nea",2020,1916,0.000440313,NA,325729,394146.8,411787,429427.2,0
"dgs.27.nea",2020,1917,0.000279354,NA,325853,394135.6,411773,429410.4,0
"dgs.27.nea",2020,1918,0.000371306,NA,326062,394114.2,411748,429381.8,0
"dgs.27.nea",2020,1919,0.00218736,NA,326276,394091.4,411722,429352.6,0
"dgs.27.nea",2020,1920,0.00361912,NA,325950,394130.4,411765,429399.6,0
"dgs.27.nea",2020,1921,0.00438924,NA,325200,394213.8,411858,429502.2,0
"dgs.27.nea",2020,1922,0.00446646,NA,324230,394314.2,411971,429627.8,0
"dgs.27.nea",2020,1923,0.00468814,NA,323257,394406.2,412076,429745.8,0
"dgs.27.nea",2020,1924,0.00528176,NA,322237,394494.2,412178,429861.8,0
"dgs.27.nea",2020,1925,0.00560043,NA,321062,394583.4,412284,429984.6,0
"dgs.27.nea",2020,1926,0.00608364,NA,319828,394663.8,412383,430102.2,0
"dgs.27.nea",2020,1927,0.00704072,NA,318494,394734.2,412475,430215.8,0
"dgs.27.nea",2020,1928,0.00801645,NA,316926,394795.2,412563,430330.8,0
"dgs.27.nea",2020,1929,0.00788097,NA,315130,394836.8,412638,430439.2,0
"dgs.27.nea",2020,1930,0.0101148,NA,313451,394847.8,412682,430516.2,0
"dgs.27.nea",2020,1931,0.0101072,NA,311182,394820.8,412703,430585.2,0
"dgs.27.nea",2020,1932,0.0143559,NA,309015,394749.6,412681,430612.4,0
"dgs.27.nea",2020,1933,0.0175256,NA,305689,394555.8,412568,430580.2,0
"dgs.27.nea",2020,1934,0.0178338,NA,301570,394172.8,412294,430415.2,0
"dgs.27.nea",2020,1935,0.0196911,NA,297536,393643.6,411882,430120.4,0
"dgs.27.nea",2020,1936,0.0187176,NA,293157,392896.4,411273,429649.6,0
"dgs.27.nea",2020,1937,0.0216166,NA,289275,392080.8,410592,429103.2,0
"dgs.27.nea",2020,1938,0.0166291,NA,284810,390969,409645,428321,0
"dgs.27.nea",2020,1939,0.0185055,NA,281990,390155.2,408949,427742.8,0
"dgs.27.nea",2020,1940,0.00873714,NA,278896,389176.8,408104,427031.2,0
"dgs.27.nea",2020,1941,0.00808668,NA,278713,389074,408030,426986,0
"dgs.27.nea",2020,1942,0.00980794,NA,278923,389099,408067,427035,0
"dgs.27.nea",2020,1943,0.00754487,NA,278867,389044,408032,427020,0
"dgs.27.nea",2020,1944,0.00749515,NA,279600,389246.4,408222,427197.6,0
"dgs.27.nea",2020,1945,0.00621292,NA,280476,389495.4,408451,427406.6,0
"dgs.27.nea",2020,1946,0.00995133,NA,281788,389876,408793,427710,0
"dgs.27.nea",2020,1947,0.015424,NA,282112,389962.6,408878,427793.4,0
"dgs.27.nea",2020,1948,0.0178754,NA,280922,389599.8,408575,427550.2,0
"dgs.27.nea",2020,1949,0.0212392,NA,279035,389001.4,408070,427138.6,0
"dgs.27.nea",2020,1950,0.023054,NA,276208,388043.6,407254,426464.4,0
"dgs.27.nea",2020,1951,0.03322,NA,272899,386823.6,406210,425596.4,0
"dgs.27.nea",2020,1952,0.0388753,NA,266927,384372.8,404079,423785.2,0
"dgs.27.nea",2020,1953,0.0374631,NA,259669,380947,401071,421195,0
"dgs.27.nea",2020,1954,0.0405845,NA,253079,377395,397939,418483,0
"dgs.27.nea",2020,1955,0.0440786,NA,246053,373153,394173,415193,0
"dgs.27.nea",2020,1956,0.0491107,NA,238607,368152,389704,411256,0
"dgs.27.nea",2020,1957,0.0489266,NA,230488,362120,384272,406424,0
"dgs.27.nea",2020,1958,0.0554348,NA,223011,356007,378743,401479,0
"dgs.27.nea",2020,1959,0.0536398,NA,214696,348629,372023,395417,0
"dgs.27.nea",2020,1960,0.0626665,NA,207459,222295,361399,500503,0
"dgs.27.nea",2020,1961,0.069142,NA,198988,217078,353052,489026,0
"dgs.27.nea",2020,1962,0.0710715,NA,189969,210736,342814,474892,0
"dgs.27.nea",2020,1963,0.0801009,NA,181386,203911,331697,459483,0
"dgs.27.nea",2020,1964,0.080638,NA,171923,195760,318402,441044,0
"dgs.27.nea",2020,1965,0.0688521,NA,163247,187573,305015,422457,0
"dgs.27.nea",2020,1966,0.0612779,NA,157356,181264,294536,407808,0
"dgs.27.nea",2020,1967,0.0645581,NA,153273,176475,286505,396535,0
"dgs.27.nea",2020,1968,0.0838848,NA,149139,171897,278949,386001,0
"dgs.27.nea",2020,1969,0.081121,NA,142476,165476,268770,372064,0
"dgs.27.nea",2020,1970,0.0768534,NA,136796,163428,267140,370852,0
"dgs.27.nea",2020,1971,0.0762085,NA,132152,160512,263086,365660,0
"dgs.27.nea",2020,1972,0.086876,NA,127899,159305,262401,365497,0
"dgs.27.nea",2020,1973,0.0887619,NA,122463,156543,259167,361791,0
"dgs.27.nea",2020,1974,0.0856347,NA,117077,154085,256435,358785,0
"dgs.27.nea",2020,1975,0.0859297,NA,112330,152123,255393,358663,0
"dgs.27.nea",2020,1976,0.0890642,NA,107745,151874,257268,362662,0
"dgs.27.nea",2020,1977,0.0887553,NA,103011,149352,254234,359116,0
"dgs.27.nea",2020,1978,0.102886,NA,98567.5,141777,239955,338133,0
"dgs.27.nea",2020,1979,0.0871782,NA,92939.7,129416,218424,307432,0
"dgs.27.nea",2020,1980,0.0960533,NA,89279.2,120434,201978,283522,0
"dgs.27.nea",2020,1981,0.0967953,NA,85226.1,111523,186439,261355,0
"dgs.27.nea",2020,1982,0.0813224,NA,81570.3,105531,176741,247951,0
"dgs.27.nea",2020,1983,0.0950909,NA,79422.9,104344,175534,246724,0
"dgs.27.nea",2020,1984,0.0935682,NA,76223.6,98501,165603,232705,0
"dgs.27.nea",2020,1985,0.105733,NA,73382.8,92562,155728,218894,0
"dgs.27.nea",2020,1986,0.0875636,NA,70022.8,90706,154396,218086,0
"dgs.27.nea",2020,1987,0.123676,NA,68691.6,88616,151916,215216,0
"dgs.27.nea",2020,1988,0.110256,NA,64704.2,83740,146326,208912,0
"dgs.27.nea",2020,1989,0.0985767,NA,62082.9,83931,149195,214459,0
"dgs.27.nea",2020,1990,0.101757,NA,60310.2,79297,141481,203665,0
"dgs.27.nea",2020,1991,0.105053,NA,58043.4,83234,150016,216798,0
"dgs.27.nea",2020,1992,0.107397,NA,55429.6,75017,139977,204937,0
"dgs.27.nea",2020,1993,0.0999468,NA,52948.3,66621,125495,184369,0
"dgs.27.nea",2020,1994,0.0848058,NA,50648.3,64749,122513,180277,0
"dgs.27.nea",2020,1995,0.087758,NA,49159.2,56427,110081,163735,0
"dgs.27.nea",2020,1996,0.0728851,NA,47974.4,53730,110676,167622,0
"dgs.27.nea",2020,1997,0.0653556,NA,47537.6,52530,111196,169862,0
"dgs.27.nea",2020,1998,0.0596335,NA,47500.7,51429,110517,169605,0
"dgs.27.nea",2020,1999,0.0533917,NA,47772.1,50107,108857,167607,0
"dgs.27.nea",2020,2000,0.0685221,NA,48294.1,50842,110300,169758,0
"dgs.27.nea",2020,2001,0.0733626,NA,48116.2,47820,109414,171008,0
"dgs.27.nea",2020,2002,0.050361,NA,47663.1,47299,111693,176087,0
"dgs.27.nea",2020,2003,0.0554123,NA,48209.6,48684,117282,185880,0
"dgs.27.nea",2020,2004,0.0428418,NA,48416.6,48476,119778,191080,0
"dgs.27.nea",2020,2005,0.0387717,NA,49012.5,48905,122471,196037,0
"dgs.27.nea",2020,2006,0.0187455,NA,49416.2,47571,121151,194731,0
"dgs.27.nea",2020,2007,0.0131054,NA,50762.5,49380,126186,202992,0
"dgs.27.nea",2020,2008,0.00794633,NA,52279.8,52185,132629,213073,0
"dgs.27.nea",2020,2009,0.0111042,NA,54150.4,56046,140680,225314,0
"dgs.27.nea",2020,2010,0.0101373,NA,55908.2,65161,156007,246853,0
"dgs.27.nea",2020,2011,0.00989675,NA,57666.7,55653,139083,222513,0
"dgs.27.nea",2020,2012,0.00965161,NA,59401.7,56509,139111,221713,0
"dgs.27.nea",2020,2013,0.00939645,NA,61123.9,58469,144843,231217,0
"dgs.27.nea",2020,2014,0.00913487,NA,62862.1,58638,143472,228306,0
"dgs.27.nea",2020,2015,0.00888315,NA,64638.1,59910,148238,236566,0
"dgs.27.nea",2020,2016,0.00865784,NA,66443.4,64445,158787,253129,0
"dgs.27.nea",2020,2017,0.008437,NA,68260.4,66038,162968,259898,0
"dgs.27.nea",2020,2018,0.00820304,NA,70102.8,66423,166211,265999,0
"dgs.27.nea",2020,2019,0.00799617,NA,72031.4,63669,158133,252597,0
"dgs.27.nea",2020,2020,NA,NA,74112.8,93668,171756,249844,0
"had.27.46a20",2022,1972,0.798,0.24,447664,7955919,12649827,20113092,0
"had.27.46a20",2022,1973,0.773,0.24,417535,20757431,32687783,51475117,0
"had.27.46a20",2022,1974,0.793,0.24,325315,41151040,64979645,102606259,0
"had.27.46a20",2022,1975,0.886,0.24,297219,3972261,6249833,9833292,0
"had.27.46a20",2022,1976,0.881,0.24,415182,4592527,7216914,11340999,0
"had.27.46a20",2022,1977,0.877,0.24,320170,6590319,10302559,16105854,0
"had.27.46a20",2022,1978,0.894,0.24,157491,11554393,18077321,28282709,0
"had.27.46a20",2022,1979,0.842,0.24,138197,18597102,29049767,45377445,0
"had.27.46a20",2022,1980,0.766,0.24,190866,5000176,7730850,11952788,0
"had.27.46a20",2022,1981,0.64,0.24,295790,8301399,12568912,19030232,0
"had.27.46a20",2022,1982,0.649,0.24,334187,5090440,7520588,11110874,0
"had.27.46a20",2022,1983,0.735,0.24,269887,15391389,22651401,33335912,0
"had.27.46a20",2022,1984,0.789,0.24,229279,4052308,5967728,8788517,0
"had.27.46a20",2022,1985,0.826,0.24,272109,5409715,7974824,11756222,0
"had.27.46a20",2022,1986,0.88,0.24,242521,8562998,12651223,18691287,0
"had.27.46a20",2022,1987,0.936,0.24,175563,1404125,2068253,3046503,0
"had.27.46a20",2022,1988,0.897,0.24,160702,1484788,2182966,3209442,0
"had.27.46a20",2022,1989,0.894,0.24,140052,2276460,3331710,4876122,0
"had.27.46a20",2022,1990,0.872,0.24,84855,5473632,7883152,11353356,0
"had.27.46a20",2022,1991,0.945,0.24,72369,8570623,12172282,17287476,0
"had.27.46a20",2022,1992,0.865,0.24,108819,11630490,16645721,23823591,0
"had.27.46a20",2022,1993,0.912,0.24,169965,3904186,5458651,7632031,0
"had.27.46a20",2022,1994,0.86,0.24,189463,12864673,18014805,25226697,0
"had.27.46a20",2022,1995,0.725,0.24,182341,5387816,7732879,11098636,0
"had.27.46a20",2022,1996,0.797,0.24,214411,5947782,8352530,11729542,0
"had.27.46a20",2022,1997,0.723,0.24,236707,2804398,3918301,5474646,0
"had.27.46a20",2022,1998,0.784,0.24,193454,2238865,3125460,4363147,0
"had.27.46a20",2022,1999,0.886,0.24,137730,25688182,36390173,51550735,0
"had.27.46a20",2022,2000,0.792,0.24,117042,6212142,8706721,12203038,0
"had.27.46a20",2022,2001,0.571,0.24,284289,918984,1297496,1831910,0
"had.27.46a20",2022,2002,0.451,0.24,368458,1114332,1559523,2182575,0
"had.27.46a20",2022,2003,0.314,0.24,270109,808945,1136921,1597872,0
"had.27.46a20",2022,2004,0.326,0.24,188026,796762,1113678,1556649,0
"had.27.46a20",2022,2005,0.389,0.24,136860,3188951,4611225,6667834,0
"had.27.46a20",2022,2006,0.497,0.24,99835,1016837,1424468,1995510,0
"had.27.46a20",2022,2007,0.482,0.24,106115,739388,1038390,1458304,0
"had.27.46a20",2022,2008,0.381,0.24,113882,580319,822127,1164693,0
"had.27.46a20",2022,2009,0.328,0.24,88656,2877242,4116082,5888324,0
"had.27.46a20",2022,2010,0.306,0.24,88234,352251,499120,707224,0
"had.27.46a20",2022,2011,0.294,0.24,113933,235037,329439,461757,0
"had.27.46a20",2022,2012,0.286,0.24,139435,426627,600032,843918,0
"had.27.46a20",2022,2013,0.296,0.24,113522,470354,657116,918034,0
"had.27.46a20",2022,2014,0.37,0.24,86111,2897172,4126647,5877875,0
"had.27.46a20",2022,2015,0.439,0.24,75981,868951,1214108,1696366,0
"had.27.46a20",2022,2016,0.374,0.24,105109,1019209,1426828,1997470,0
"had.27.46a20",2022,2017,0.336,0.24,110232,473585,662496,926763,0
"had.27.46a20",2022,2018,0.355,0.24,100671,1411641,1980231,2777843,0
"had.27.46a20",2022,2019,0.33,0.24,84858,4787109,6810487,9689090,0
"had.27.46a20",2022,2020,0.278,0.24,107457,5493946,7955652,11520390,0
"had.27.46a20",2022,2021,0.211,0.24,207210,1516741,2499031,4117484,0
"had.27.46a20",2022,2022,NA,0.24,412059,329439,1623040,8706721,0
"had.27.6b",2021,1991,0.7347,0.168,15262,NA,109360,NA,1
"had.27.6b",2021,1992,0.8377,0.168,18330,NA,109018,NA,1
"had.27.6b",2021,1993,0.6384,0.168,19413,NA,122000,NA,1
"had.27.6b",2021,1994,0.6069,0.168,23717,NA,68239,NA,1
"had.27.6b",2021,1995,0.6214,0.168,28673,NA,61263,NA,1
"had.27.6b",2021,1996,0.5803,0.168,24381,NA,62421,NA,1
"had.27.6b",2021,1997,0.4051,0.168,21100,NA,71666,NA,1
"had.27.6b",2021,1998,0.5948,0.168,21820,NA,71678,NA,1
"had.27.6b",2021,1999,0.871,0.168,18792,NA,48438,NA,1
"had.27.6b",2021,2000,1.1289,0.168,12719,NA,28113,NA,1
"had.27.6b",2021,2001,0.4224,0.168,5957,NA,77850,NA,1
"had.27.6b",2021,2002,0.4896,0.168,7124,NA,103304,NA,1
"had.27.6b",2021,2003,0.7039,0.168,14136,NA,46702,NA,1
"had.27.6b",2021,2004,0.6905,0.168,17658,NA,14155,NA,1
"had.27.6b",2021,2005,0.408,0.168,16666,NA,14462,NA,1
"had.27.6b",2021,2006,0.2737,0.168,12890,NA,87139,NA,1
"had.27.6b",2021,2007,0.5371,0.168,11497,NA,13054,NA,1
"had.27.6b",2021,2008,0.5079,0.168,19346,NA,4312,NA,1
"had.27.6b",2021,2009,0.3845,0.168,13098,NA,1564,NA,1
"had.27.6b",2021,2010,0.7904,0.168,11223,NA,1588,NA,1
"had.27.6b",2021,2011,0.2345,0.168,7926,NA,340,NA,1
"had.27.6b",2021,2012,0.1288,0.168,9554,NA,1355,NA,1
"had.27.6b",2021,2013,0.3238,0.168,2688,NA,34615,NA,1
"had.27.6b",2021,2014,0.6212,0.168,2378,NA,26176,NA,1
"had.27.6b",2021,2015,0.3186,0.168,8706,NA,13832,NA,1
"had.27.6b",2021,2016,0.1158,0.168,13694,NA,7016,NA,1
"had.27.6b",2021,2017,0.2929,0.168,17871,NA,69342,NA,1
"had.27.6b",2021,2018,0.285,0.168,17927,NA,18051,NA,1
"had.27.6b",2021,2019,0.2252,0.168,37243,NA,24499,NA,1
"had.27.6b",2021,2020,0.189,0.168,26630,NA,14947,NA,1
"had.27.6b",2021,2021,NA,0.168,32393,NA,50739,NA,1
"had.27.7a",2021,1993,0.7748928,0.28,2252.218,122640.66,158888.9,195137.14,0
"had.27.7a",2021,1994,0.917701,0.28,2246.674,418964.76,518805.2,618645.64,0
"had.27.7a",2021,1995,1.0709,0.28,2449.342,41335.19,65196.23,89057.27,0
"had.27.7a",2021,1996,0.821726,0.28,5231.96,1110524.6,1365893,1621261.4,0
"had.27.7a",2021,1997,1.213022,0.28,4255.971,154600.52,215082.2,275563.88,0
"had.27.7a",2021,1998,1.056295,0.28,7830.907,257241.24,339367.2,421493.16,0
"had.27.7a",2021,1999,1.706291,0.28,6011.863,571721.72,703224,834726.28,0
"had.27.7a",2021,2000,1.423855,0.28,2738.022,63653.91,97859.83,132065.75,0
"had.27.7a",2021,2001,0.7631144,0.28,3707.061,621578.98,766936.5,912294.02,0
"had.27.7a",2021,2002,0.8969292,0.28,2787.161,100426.24,141647,182867.76,0
"had.27.7a",2021,2003,0.720424,0.28,3663.097,313121.78,423620.7,534119.62,0
"had.27.7a",2021,2004,0.6216658,0.28,2685.796,503525.02,646581.5,789637.98,0
"had.27.7a",2021,2005,0.548676,0.28,2778.947,390009.08,496744.8,603480.52,0
"had.27.7a",2021,2006,0.3012293,0.28,3234.847,456491.02,565159.3,673827.58,0
"had.27.7a",2021,2007,0.471988,0.28,4363.731,171085.24,222498,273910.76,0
"had.27.7a",2021,2008,0.4171639,0.28,5003.974,122144.18,161847.9,201551.62,0
"had.27.7a",2021,2009,0.319846,0.28,4436.405,257674.82,330700.5,403726.18,0
"had.27.7a",2021,2010,0.4597618,0.28,3895.44,188428.98,246811.5,305194.02,0
"had.27.7a",2021,2011,0.2456751,0.28,3598.684,235613,307231.4,378849.8,0
"had.27.7a",2021,2012,0.2539241,0.28,3807.075,217682.68,298889.4,380096.12,0
"had.27.7a",2021,2013,0.100765,0.28,4874.706,1135440.4,1445630,1755819.6,0
"had.27.7a",2021,2014,0.1378503,0.28,5941.424,476733.32,640987.2,805241.08,0
"had.27.7a",2021,2015,0.1227188,0.28,12991.39,730236.9,972159.7,1214082.5,0
"had.27.7a",2021,2016,0.08614959,0.28,15948.22,218232.04,310079.6,401927.16,0
"had.27.7a",2021,2017,0.113971,0.28,20403.68,255506.76,368283.2,481059.64,0
"had.27.7a",2021,2018,0.1410187,0.28,20903.76,532329.6,783680,1035030.4,0
"had.27.7a",2021,2019,0.1579533,0.28,17707.12,250352.42,414331.9,578311.38,0
"had.27.7a",2021,2020,0.06577749,0.28,17658.74,0,6913.559,33054.079,0
"had.27.7a",2021,2021,NA,0.28,17422.95949,NA,371740,NA,0
"had.27.7b-k",2021,1993,0.582,0.353,9281,67544,136397,275440,0
"had.27.7b-k",2021,1994,0.533,0.353,10863,247562,393920,626806,0
"had.27.7b-k",2021,1995,0.528,0.353,11519,299847,475026,752549,0
"had.27.7b-k",2021,1996,0.527,0.353,20654,105737,165476,258966,0
"had.27.7b-k",2021,1997,0.621,0.353,25521,37772,59085,92422,0
"had.27.7b-k",2021,1998,0.644,0.353,19798,57353,89938,141035,0
"had.27.7b-k",2021,1999,0.592,0.353,13028,230623,359475,560318,0
"had.27.7b-k",2021,2000,0.694,0.353,11919,224862,348984,541620,0
"had.27.7b-k",2021,2001,0.742,0.353,18486,318207,485670,741264,0
"had.27.7b-k",2021,2002,0.735,0.353,23448,660605,992452,1490998,0
"had.27.7b-k",2021,2003,0.754,0.353,28255,161008,234321,341014,0
"had.27.7b-k",2021,2004,0.771,0.353,40708,241554,350287,507964,0
"had.27.7b-k",2021,2005,0.637,0.353,28512,170790,245785,353710,0
"had.27.7b-k",2021,2006,0.495,0.353,24196,135778,198128,289111,0
"had.27.7b-k",2021,2007,0.466,0.353,22622,484583,699699,1010309,0
"had.27.7b-k",2021,2008,0.513,0.353,21299,284994,407920,583869,0
"had.27.7b-k",2021,2009,0.52,0.353,33115,1618042,2343490,3394193,0
"had.27.7b-k",2021,2010,0.522,0.353,39553,138406,211788,324078,0
"had.27.7b-k",2021,2011,0.535,0.353,98240,62988,89575,127384,0
"had.27.7b-k",2021,2012,0.548,0.353,70734,45120,65390,94765,0
"had.27.7b-k",2021,2013,0.501,0.353,45241,433410,623252,896249,0
"had.27.7b-k",2021,2014,0.466,0.353,28814,152482,221066,320497,0
"had.27.7b-k",2021,2015,0.438,0.353,40673,356527,509791,728940,0
"had.27.7b-k",2021,2016,0.448,0.353,38415,77069,112634,164612,0
"had.27.7b-k",2021,2017,0.464,0.353,45702,119845,176925,261191,0
"had.27.7b-k",2021,2018,0.436,0.353,36604,620509,963380,1495708,0
"had.27.7b-k",2021,2019,0.382,0.353,34774,185496,312600,526798,0
"had.27.7b-k",2021,2020,0.315,0.353,71576,61784,136259,300508,0
"had.27.7b-k",2021,2021,NA,0.353,71393,59085,312600,2343490,0
"her.27.1-24a514a",2021,1988,0.042,0.157,2124000,345000,667000,989000,2
"her.27.1-24a514a",2021,1989,0.033,0.157,3285000,688000,1172000,1657000,2
"her.27.1-24a514a",2021,1990,0.03,0.157,3558000,3294000,4341000,5388000,2
"her.27.1-24a514a",2021,1991,0.031,0.157,3335000,9515000,11462000,13409000,2
"her.27.1-24a514a",2021,1992,0.039,0.157,3363000,15939000,18678000,21417000,2
"her.27.1-24a514a",2021,1993,0.076,0.157,3336000,44567000,50069000,55571000,2
"her.27.1-24a514a",2021,1994,0.128,0.157,3468000,53816000,59966000,66116000,2
"her.27.1-24a514a",2021,1995,0.218,0.157,3537000,13349000,15759000,18170000,2
"her.27.1-24a514a",2021,1996,0.191,0.157,4122000,4565000,5713000,6861000,2
"her.27.1-24a514a",2021,1997,0.193,0.157,5382000,1578000,2152000,2726000,2
"her.27.1-24a514a",2021,1998,0.187,0.157,5960000,9091000,10925000,12759000,2
"her.27.1-24a514a",2021,1999,0.213,0.157,5853000,5227000,6479000,7731000,2
"her.27.1-24a514a",2021,2000,0.257,0.157,4874000,28767000,32832000,36897000,2
"her.27.1-24a514a",2021,2001,0.203,0.157,4046000,25332000,29100000,32868000,2
"her.27.1-24a514a",2021,2002,0.223,0.157,3572000,9481000,11426000,13371000,2
"her.27.1-24a514a",2021,2003,0.152,0.157,4205000,5381000,6698000,8015000,2
"her.27.1-24a514a",2021,2004,0.128,0.157,5299000,51527000,57944000,64360000,2
"her.27.1-24a514a",2021,2005,0.172,0.157,5426000,21020000,24530000,28040000,2
"her.27.1-24a514a",2021,2006,0.176,0.157,5391000,37741000,43221000,48701000,2
"her.27.1-24a514a",2021,2007,0.155,0.157,6936000,9964000,12199000,14435000,2
"her.27.1-24a514a",2021,2008,0.2,0.157,7024000,14798000,17776000,20753000,2
"her.27.1-24a514a",2021,2009,0.205,0.157,7001000,5663000,7147000,8631000,2
"her.27.1-24a514a",2021,2010,0.213,0.157,6214000,3963000,5104000,6244000,2
"her.27.1-24a514a",2021,2011,0.158,0.157,5883000,12758000,15456000,18154000,2
"her.27.1-24a514a",2021,2012,0.141,0.157,5729000,4332000,5525000,6718000,2
"her.27.1-24a514a",2021,2013,0.12,0.157,5363000,6502000,8202000,9902000,2
"her.27.1-24a514a",2021,2014,0.084,0.157,5181000,4046000,5340000,6633000,2
"her.27.1-24a514a",2021,2015,0.067,0.157,4818000,14136000,17817000,21498000,2
"her.27.1-24a514a",2021,2016,0.085,0.157,4257000,5262000,7282000,9302000,2
"her.27.1-24a514a",2021,2017,0.161,0.157,4536000,2749000,4265000,5780000,2
"her.27.1-24a514a",2021,2018,0.128,0.157,4130000,25592000,35586000,45580000,2
"her.27.1-24a514a",2021,2019,0.186,0.157,3947000,2063000,4567000,7072000,2
"her.27.1-24a514a",2021,2020,0.188,0.157,3375000,1196000,5769000,10342000,2
"her.27.1-24a514a",2021,2021,NA,0.157,3765000,0,1932000,5617000,2
"her.27.6a7bc",2018,1957,0.138780730079654,0.16,354849.11755023,619244.73648842,1186401.88283922,2273009.9178336,1
"her.27.6a7bc",2018,1958,0.185856361609186,0.16,354783.640290409,1091574.78578327,1994915.74040086,3645823.32161828,1
"her.27.6a7bc",2018,1959,0.184830039907737,0.16,332290.150346385,1644279.66571912,3048474.1575986,5651833.3731763,1
"her.27.6a7bc",2018,1960,0.137619125084149,0.16,385815.78808895,1215454.83334504,2227246.84147991,4081293.97883929,1
"her.27.6a7bc",2018,1961,0.101166809729782,0.16,421986.209848052,1666326.03603825,3012555.39419618,5446407.12971024,1
"her.27.6a7bc",2018,1962,0.137346622934504,0.16,424849.975026702,1952860.37659614,3524053.91624901,6359367.0871014,1
"her.27.6a7bc",2018,1963,0.104954644835211,0.16,454335.382591078,1826497.98928995,3268128.35845202,5847618.24537807,1
"her.27.6a7bc",2018,1964,0.101925398751512,0.16,500009.748027144,1199918.17515884,2197297.1161147,4023703.21280188,1
"her.27.6a7bc",2018,1965,0.112102416246495,0.16,459498.588668627,3545269.67766334,6901819.21456513,13436244.0100569,1
"her.27.6a7bc",2018,1966,0.157125641324713,0.16,720539.909383001,1256377.32766855,2290304.37672213,4175094.5536136,1
"her.27.6a7bc",2018,1967,0.147070229774961,0.16,741155.951487553,2197850.5214289,3805702.61843876,6589789.55974471,1
"her.27.6a7bc",2018,1968,0.121442383680638,0.16,739269.342581043,2387905.39684115,4084902.72983762,6987894.21654165,1
"her.27.6a7bc",2018,1969,0.169851051563896,0.16,697104.975323718,2232067.90263301,3773148.07066298,6378231.74929124,1
"her.27.6a7bc",2018,1970,0.242043309092458,0.16,667523.599415035,3086204.07831033,5150959.46005827,8597092.96142529,1
"her.27.6a7bc",2018,1971,0.397917967198674,0.16,616370.582149594,4557419.22108274,7967049.87208238,13927593.7948864,1
"her.27.6a7bc",2018,1972,0.276267157703447,0.16,695865.025276132,2536816.29722666,4213807.41666762,6999392.49214645,1
"her.27.6a7bc",2018,1973,0.363703096899576,0.16,764754.617667309,1356680.59539846,2297791.0003107,3891736.5657155,1
"her.27.6a7bc",2018,1974,0.487228532326381,0.16,464770.717537968,1638358.08628637,2715844.22056049,4501952.22405281,1
"her.27.6a7bc",2018,1975,0.480193832215142,0.16,288863.032811352,1761880.82964333,2965938.40952441,4992840.88973995,1
"her.27.6a7bc",2018,1976,0.475650571253837,0.16,247982.781559739,1102606.72377772,1892462.87815783,3248135.23078732,1
"her.27.6a7bc",2018,1977,0.290003193234299,0.16,211420.371946034,1075257.54631257,1866253.34672685,3239132.39773415,1
"her.27.6a7bc",2018,1978,0.20040376142067,0.16,206310.709032888,1181557.66588302,2053572.92664194,3569154.41946297,1
"her.27.6a7bc",2018,1979,0.111470840642118,0.16,210061.155203927,1052645.13424226,1817793.76718278,3139115.0469595,1
"her.27.6a7bc",2018,1980,0.132810575392928,0.16,268529.412244951,1176977.93501959,2004868.81104047,3415101.36247028,1
"her.27.6a7bc",2018,1981,0.247209265000961,0.16,318558.213365968,1692291.62408079,2880960.5567633,4904552.86282837,1
"her.27.6a7bc",2018,1982,0.329390127890555,0.16,321798.276249215,1311962.11309831,2254393.91208082,3873809.96759486,1
"her.27.6a7bc",2018,1983,0.349926433547228,0.16,260800.611382773,2202256.7736095,3878372.03732127,6830161.60518924,1
"her.27.6a7bc",2018,1984,0.237912242365322,0.16,335645.301481546,1426747.65646057,2487969.80906756,4338534.38819562,1
"her.27.6a7bc",2018,1985,0.203564678861204,0.16,398500.923011422,1825269.18339018,3188943.59893469,5571430.98109967,1
"her.27.6a7bc",2018,1986,0.235088224773542,0.16,449574.875016506,1473221.34090576,2593730.4868058,4566481.39107848,1
"her.27.6a7bc",2018,1987,0.268996398246174,0.16,391532.665398082,1711116.82339196,3119889.50754419,5688513.14312317,1
"her.27.6a7bc",2018,1988,0.192390701769399,0.16,436495.951417312,889190.372266334,1626246.27570408,2974252.79414658,1
"her.27.6a7bc",2018,1989,0.159726200463226,0.16,500664.035501513,967310.073581728,1762709.80096039,3212150.81622872,1
"her.27.6a7bc",2018,1990,0.186081710195708,0.16,520024.625412849,1020113.78029105,1874744.18626005,3445366.4207076,1
"her.27.6a7bc",2018,1991,0.150276623188844,0.16,498775.153388722,993992.364496625,1849236.65156589,3440344.5294335,1
"her.27.6a7bc",2018,1992,0.140805405332428,0.16,436663.388255464,1417440.07930688,2628655.24327136,4874864.54549593,1
"her.27.6a7bc",2018,1993,0.14589205089754,0.16,509657.424677239,1371849.82004374,2562245.66632392,4785584.22261292,1
"her.27.6a7bc",2018,1994,0.136111969441237,0.16,392078.314919648,1593516.30890742,2947114.68952594,5450515.28162564,1
"her.27.6a7bc",2018,1995,0.146363616018162,0.16,311343.211839383,999734.500766346,1860539.02345922,3462524.75548366,1
"her.27.6a7bc",2018,1996,0.173383172423976,0.16,311301.009346716,1180875.47906616,2159787.82797481,3950190.80721109,1
"her.27.6a7bc",2018,1997,0.241655099553822,0.16,243124.194241829,1475235.62938475,2708408.36605365,4972409.64846323,1
"her.27.6a7bc",2018,1998,0.256682852164935,0.16,307235.749820698,1389832.92670859,2612542.3064945,4910933.66120451,1
"her.27.6a7bc",2018,1999,0.14645096676043,0.16,340326.402458559,1336755.94275444,2554263.52782151,4880668.16154613,1
"her.27.6a7bc",2018,2000,0.116590710844127,0.16,310297.903251197,1966010.71597276,3720058.42846519,7039043.37792362,1
"her.27.6a7bc",2018,2001,0.106989221728619,0.16,434096.645326499,1553947.197276,2933409.00207071,5537439.35991742,1
"her.27.6a7bc",2018,2002,0.125604080752537,0.16,478917.118464236,1542502.27255368,2919174.92538179,5524518.43773945,1
"her.27.6a7bc",2018,2003,0.0963694529352075,0.16,501451.333320652,964168.038627938,1850091.3517784,3550043.01407469,1
"her.27.6a7bc",2018,2004,0.0891679636438673,0.16,433456.957456,1050771.5373139,2001622.43154291,3812905.29499648,1
"her.27.6a7bc",2018,2005,0.0713021548411881,0.16,394727.540072529,823302.470571667,1569508.29218559,2992042.86066198,1
"her.27.6a7bc",2018,2006,0.107897927589499,0.16,417401.294015226,855451.312693119,1652275.82739132,3191315.93963785,1
"her.27.6a7bc",2018,2007,0.114721988127072,0.16,440825.494849711,592316.945659603,1199509.40220367,2429143.41134159,1
"her.27.6a7bc",2018,2008,0.0798919375645019,0.16,413430.875097973,647153.471646844,1343327.80803579,2788410.59949839,1
"her.27.6a7bc",2018,2009,0.0834259883755848,0.16,383402.30494638,806412.098868774,1731750.18380082,3718891.00287691,1
"her.27.6a7bc",2018,2010,0.100102944231784,0.16,340695.802697994,1082946.97721581,2421629.60508996,5415121.94745201,1
"her.27.6a7bc",2018,2011,0.0879567217507354,0.16,267336.617424997,680104.729263597,1549703.43559666,3531192.52809855,1
"her.27.6a7bc",2018,2012,0.0812370237996987,0.16,298251.658572619,417855.384495844,980721.06170585,2301786.30349327,1
"her.27.6a7bc",2018,2013,0.107199099148923,0.16,228527.720841064,200566.325469898,493869.199301075,1216090.41521226,1
"her.27.6a7bc",2018,2014,0.12404044681661,0.16,170418.023819289,195643.864151488,496919.449948109,1262134.85307943,1
"her.27.6a7bc",2018,2015,0.129667848609592,0.16,133577.853084202,201451.486418524,545533.433802884,1477312.14441612,1
"her.27.6a7bc",2018,2016,0.0657155701997504,0.16,115875.416884465,84525.0734699677,248921.786031844,733061.244641197,1
"her.27.6a7bc",2018,2017,0.0608579821382748,0.16,112934.041404515,53180.1079623621,219969.26361971,909860.449543328,1
"her.27.6a7bc",2018,2018,NA,0.16,91515,NA,439524,NA,1
"her.27.irls",2022,1958,0.129691,0.26,206015,74203.6,408556,742916.4,1
"her.27.irls",2022,1959,0.111687,0.26,197957,964004.4,1577690,2191395.6,1
"her.27.irls",2022,1960,0.12551,0.26,189253,143930,362961,581990,1
"her.27.irls",2022,1961,0.119275,0.26,159919,194505.6,393717,592934.4,1
"her.27.irls",2022,1962,0.192414,0.26,156601,530046.8,843980,1157913.2,1
"her.27.irls",2022,1963,0.153356,0.26,145174,212576.16,402905,593223.84,1
"her.27.irls",2022,1964,0.0963117,0.26,165103,965772.4,1381900,1798027.6,1
"her.27.irls",2022,1965,0.139327,0.26,169927,223424.72,416515,609615.28,1
"her.27.irls",2022,1966,0.198533,0.26,165194,471885.2,735267,998654.8,1
"her.27.irls",2022,1967,0.22534,0.26,159041,501352,768497,1035648,1
"her.27.irls",2022,1968,0.242583,0.26,162296,609355.6,899711,1190064.4,1
"her.27.irls",2022,1969,0.362232,0.26,141929,267411.96,461941,656468.04,1
"her.27.irls",2022,1970,0.330574,0.26,107098,105923.2,248671,391416.8,1
"her.27.irls",2022,1971,0.453396,0.26,97961.8,552339.2,821309,1090280.8,1
"her.27.irls",2022,1972,0.559289,0.26,85876.7,141218.44,279417,417621.56,1
"her.27.irls",2022,1973,0.518056,0.26,64565.1,194148.8,325406,456671.2,1
"her.27.irls",2022,1974,0.494702,0.26,50061.5,79723.04,160325,240936.96,1
"her.27.irls",2022,1975,0.516791,0.26,39631.1,114442.12,202064,289677.88,1
"her.27.irls",2022,1976,0.38791,0.26,36803.9,139840.84,226223,312599.16,1
"her.27.irls",2022,1977,0.290515,0.26,37415,113326.64,184803,256273.36,1
"her.27.irls",2022,1978,0.267905,0.26,36168,84524.24,145587,206655.76,1
"her.27.irls",2022,1979,0.425126,0.26,36021.9,182776.56,278555,374323.44,1
"her.27.irls",2022,1980,0.544209,0.26,33005.8,92017.64,166477,240942.36,1
"her.27.irls",2022,1981,0.836657,0.26,36516.9,323957.8,464972,605982.2,1
"her.27.irls",2022,1982,0.457798,0.26,57440,528057.6,724433,920802.4,1
"her.27.irls",2022,1983,0.555707,0.26,76388.2,575937.6,784556,993182.4,1
"her.27.irls",2022,1984,0.471937,0.26,78994.4,480784,666197,851616,1
"her.27.irls",2022,1985,0.31948,0.26,85081.3,469670.92,642488,815309.08,1
"her.27.irls",2022,1986,0.365913,0.26,93072.5,486903.6,654169,821436.4,1
"her.27.irls",2022,1987,0.389177,0.26,105472,946438.8,1200230,1453961.2,1
"her.27.irls",2022,1988,0.231805,0.26,108978,345087.68,475514,605932.32,1
"her.27.irls",2022,1989,0.285274,0.26,95703.8,425158.88,575732,726301.12,1
"her.27.irls",2022,1990,0.24803,0.26,89224,363712.36,503380,643047.64,1
"her.27.irls",2022,1991,0.38095,0.26,71049.2,126967.68,207415,287852.32,1
"her.27.irls",2022,1992,0.48471,0.26,70955.4,742920.8,962480,1182039.2,1
"her.27.irls",2022,1993,0.325813,0.26,73640.4,243793.68,359813,475826.32,1
"her.27.irls",2022,1994,0.321795,0.26,80405.3,580547.88,768796,957052.12,1
"her.27.irls",2022,1995,0.387563,0.26,81906.9,542836.04,722078,901323.96,1
"her.27.irls",2022,1996,0.308607,0.26,72427.7,241111.36,352309,463508.64,1
"her.27.irls",2022,1997,0.407954,0.26,59883.5,256608.48,372858,489111.52,1
"her.27.irls",2022,1998,0.445724,0.26,47983.6,159294.24,248780,338265.76,1
"her.27.irls",2022,1999,0.623789,0.26,41993.8,351194.8,486666,622145.2,1
"her.27.irls",2022,2000,0.632946,0.26,42058.1,344083.08,477218,610356.92,1
"her.27.irls",2022,2001,0.533916,0.26,41689.8,352309.16,493295,634270.84,1
"her.27.irls",2022,2002,0.209763,0.26,53818.3,382448.2,541125,699791.8,1
"her.27.irls",2022,2003,0.307205,0.26,42832.6,74116.8,141584,209043.2,1
"her.27.irls",2022,2004,0.394116,0.26,39041.1,233990.96,361343,488689.04,1
"her.27.irls",2022,2005,0.308658,0.26,54401.2,729838.8,1057130,1384361.2,1
"her.27.irls",2022,2006,0.133448,0.26,67023.5,217612.2,355901,494187.8,1
"her.27.irls",2022,2007,0.131783,0.26,69764.4,476969.2,723893,970810.8,1
"her.27.irls",2022,2008,0.079453,0.26,82686.6,165721.88,294385,423058.12,1
"her.27.irls",2022,2009,0.076206,0.26,94170.2,695869.6,1011860,1327930.4,1
"her.27.irls",2022,2010,0.100767,0.26,102117,492909.2,751592,1010270.8,1
"her.27.irls",2022,2011,0.129544,0.26,110331,648600.4,956829,1265059.6,1
"her.27.irls",2022,2012,0.253247,0.26,100126,394295.6,631242,868184.4,1
"her.27.irls",2022,2013,0.213335,0.26,88219.4,185430.64,365882,546329.36,1
"her.27.irls",2022,2014,0.32222,0.26,68224.7,134828.12,304081,473331.88,1
"her.27.irls",2022,2015,0.459981,0.26,44041,56314.08,175780,295245.92,1
"her.27.irls",2022,2016,0.765839,0.26,25999.6,90021.16,204642,319258.84,1
"her.27.irls",2022,2017,1.1759,0.26,11791,22262.16,60833.1,99403.84,1
"her.27.irls",2022,2018,1.16466,0.26,6081.53,18574.16,51314,84053.84,1
"her.27.irls",2022,2019,0.725012,0.26,6168,63135.4,180019,296904.6,1
"her.27.irls",2022,2020,0.0234312,0.26,8740.64,15825.36,108106,200394.64,1
"her.27.irls",2022,2021,0.068684,0.26,15084.2,NA,260375,NA,1
"her.27.irls",2022,2022,NA,0.26,19348.63,NA,197043.9,NA,1
"her.27.nirs",2022,1980,0.2827,0.266,17659,82366,189662,436733,1
"her.27.nirs",2022,1981,0.2792,0.266,14364,87474,198988,452664,1
"her.27.nirs",2022,1982,0.2757,0.266,13623,90182,204434,463433,1
"her.27.nirs",2022,1983,0.2741,0.266,13929,60933,140505,323991,1
"her.27.nirs",2022,1984,0.2753,0.266,14995,50910,115382,261498,1
"her.27.nirs",2022,1985,0.2797,0.266,16574,74878,169058,381696,1
"her.27.nirs",2022,1986,0.2811,0.266,19199,93621,211293,476865,1
"her.27.nirs",2022,1987,0.2824,0.266,17123,102980,233281,528455,1
"her.27.nirs",2022,1988,0.2852,0.266,20149,49243,110968,250066,1
"her.27.nirs",2022,1989,0.284,0.266,14778,58481,132455,299999,1
"her.27.nirs",2022,1990,0.2841,0.266,14459,57786,129832,291705,1
"her.27.nirs",2022,1991,0.283,0.266,10182,38243,86422,195298,1
"her.27.nirs",2022,1992,0.2838,0.266,11490,123084,281813,645238,1
"her.27.nirs",2022,1993,0.2828,0.266,11261,29591,65121,143310,1
"her.27.nirs",2022,1994,0.2826,0.266,12940,75784,158261,330497,1
"her.27.nirs",2022,1995,0.282,0.266,12769,77900,166708,356758,1
"her.27.nirs",2022,1996,0.2821,0.266,10969,46806,105240,236623,1
"her.27.nirs",2022,1997,0.2835,0.266,10813,72934,159213,347558,1
"her.27.nirs",2022,1998,0.2825,0.266,11545,84000,175255,365650,1
"her.27.nirs",2022,1999,0.2771,0.266,10825,43352,91675,193861,1
"her.27.nirs",2022,2000,0.2714,0.266,10389,44715,95416,203604,1
"her.27.nirs",2022,2001,0.2705,0.266,9165,65418,143487,314724,1
"her.27.nirs",2022,2002,0.265,0.266,8945,36484,81552,182292,1
"her.27.nirs",2022,2003,0.2607,0.266,7512,66765,143631,308991,1
"her.27.nirs",2022,2004,0.2528,0.266,10534,86091,187775,409563,1
"her.27.nirs",2022,2005,0.2464,0.266,13448,95444,210449,464029,1
"her.27.nirs",2022,2006,0.2378,0.266,13986,158763,337729,718438,1
"her.27.nirs",2022,2007,0.2263,0.266,21954,305376,674684,1490620,1
"her.27.nirs",2022,2008,0.2195,0.266,27806,145688,339083,789204,1
"her.27.nirs",2022,2009,0.2141,0.266,28854,167050,395537,936542,1
"her.27.nirs",2022,2010,0.2089,0.266,29086,208571,452707,982607,1
"her.27.nirs",2022,2011,0.2059,0.266,28029,143853,330711,760287,1
"her.27.nirs",2022,2012,0.2039,0.266,25591,138809,298343,641231,1
"her.27.nirs",2022,2013,0.2013,0.266,22720,79802,171957,370531,1
"her.27.nirs",2022,2014,0.1994,0.266,23389,182330,405550,902050,1
"her.27.nirs",2022,2015,0.2012,0.266,21354,155836,333367,713146,1
"her.27.nirs",2022,2016,0.2015,0.266,22584,89784,189473,399847,1
"her.27.nirs",2022,2017,0.2017,0.266,19922,80688,174033,375365,1
"her.27.nirs",2022,2018,0.2045,0.266,19489,175876,373996,795291,1
"her.27.nirs",2022,2019,0.2071,0.266,22720,178469,385386,832201,1
"her.27.nirs",2022,2020,0.2081,0.266,21401,265466,593030,1324780,1
"her.27.nirs",2022,2021,0.2066,0.266,30792,53869,196418,716188,1
"her.27.nirs",2022,2022,NA,0.266,27504,NA,294667,NA,1
"hke.27.3a46-8abd",2022,1978,0.303104,0.24,79409,463004.124684273,683793,1009867.60575371,0
"hke.27.3a46-8abd",2022,1979,0.316996,0.24,89683.2,471432.6763905,694155,1022099.62982258,0
"hke.27.3a46-8abd",2022,1980,0.385161,0.24,92068.2,573196.330950988,834917,1216138.97237002,0
"hke.27.3a46-8abd",2022,1981,0.376757,0.24,84112.2,877097.266517609,1175640,1575799.47214697,0
"hke.27.3a46-8abd",2022,1982,0.363505,0.24,76137.3,420123.605694206,614691,899366.330193838,0
"hke.27.3a46-8abd",2022,1983,0.367742,0.24,78414.4,258681.974161827,377577,551118.38152207,0
"hke.27.3a46-8abd",2022,1984,0.440678,0.24,82225.5,483385.289801668,620641,796870.031024414,0
"hke.27.3a46-8abd",2022,1985,0.475211,0.24,70173.9,923969.99438131,1106470,1325016.90351944,0
"hke.27.3a46-8abd",2022,1986,0.527125,0.24,55523.6,514218.14078925,647799,816080.785786569,0
"hke.27.3a46-8abd",2022,1987,0.594196,0.24,50084.4,703511.14595727,850153,1027361.29706309,0
"hke.27.3a46-8abd",2022,1988,0.60092,0.24,51547,651012.72255232,774160,920602.140078507,0
"hke.27.3a46-8abd",2022,1989,0.596669,0.24,50867.6,605643.831760797,708777,829472.388529852,0
"hke.27.3a46-8abd",2022,1990,0.535103,0.24,51133.9,587067.43067862,681849,791932.978233143,0
"hke.27.3a46-8abd",2022,1991,0.549771,0.24,51016.8,386533.525191965,455911,537740.781521533,0
"hke.27.3a46-8abd",2022,1992,0.59786,0.24,47916.6,522786.298394894,609905,711541.427476389,0
"hke.27.3a46-8abd",2022,1993,0.640849,0.24,41246.2,815039.447641368,912648,1021946.08409985,0
"hke.27.3a46-8abd",2022,1994,0.647976,0.24,33808.2,446234.73114942,517928,601139.701728367,0
"hke.27.3a46-8abd",2022,1995,0.710643,0.24,35901.8,251641.276863019,305821,371665.909531652,0
"hke.27.3a46-8abd",2022,1996,0.657328,0.24,36506.9,750797.328083623,836512,932012.275443343,0
"hke.27.3a46-8abd",2022,1997,0.615553,0.24,30644.3,338079.909215089,410473,498367.631842348,0
"hke.27.3a46-8abd",2022,1998,0.501237,0.24,29633.3,640237.107178721,731414,835575.497573689,0
"hke.27.3a46-8abd",2022,1999,0.516847,0.24,35976,301016.655910707,366120,445303.778936945,0
"hke.27.3a46-8abd",2022,2000,0.524082,0.24,39051.6,370109.611473532,439243,521289.928896638,0
"hke.27.3a46-8abd",2022,2001,0.455357,0.24,40741,662463.108134748,759622,871030.515961395,0
"hke.27.3a46-8abd",2022,2002,0.482618,0.24,40091.7,507474.570100564,589414,684583.787769218,0
"hke.27.3a46-8abd",2022,2003,0.510508,0.24,41879.7,375200.283556139,445111,528048.114578133,0
"hke.27.3a46-8abd",2022,2004,0.536446,0.24,44535.8,983992.955585724,1099150,1227783.91414485,0
"hke.27.3a46-8abd",2022,2005,0.54861,0.24,43041.9,476564.441992029,569922,681568.026196619,0
"hke.27.3a46-8abd",2022,2006,0.400355,0.24,45885.1,1039639.43371507,1192020,1366735.07595079,0
"hke.27.3a46-8abd",2022,2007,0.32065,0.24,64177.8,1899009.40611231,2159010,2454608.2631801,0
"hke.27.3a46-8abd",2022,2008,0.24592,0.24,82270.4,1480369.95471178,1712400,1980797.94220824,0
"hke.27.3a46-8abd",2022,2009,0.213263,0.24,125660,441095.690796516,540533,662386.711512412,0
"hke.27.3a46-8abd",2022,2010,0.185264,0.24,202255,800442.217201916,932764,1086960.00910272,0
"hke.27.3a46-8abd",2022,2011,0.18976,0.24,253759,905403.508999433,1065940,1254941.10891579,0
"hke.27.3a46-8abd",2022,2012,0.173246,0.24,253980,1819583.58934484,2031050,2267092.38677257,0
"hke.27.3a46-8abd",2022,2013,0.15916,0.24,248863,802309.328614787,940460,1102399.01251935,0
"hke.27.3a46-8abd",2022,2014,0.170743,0.24,267180,561448.980825438,659779,775330.161257062,0
"hke.27.3a46-8abd",2022,2015,0.184606,0.24,294240,710952.323046753,828652,965837.110091057,0
"hke.27.3a46-8abd",2022,2016,0.215141,0.24,289381,987097.397554697,1149080,1337643.93429761,0
"hke.27.3a46-8abd",2022,2017,0.231991,0.24,252412,820661.353406544,983549,1178767.13870524,0
"hke.27.3a46-8abd",2022,2018,0.219885,0.24,220187,543993.638350912,676762,841934.11899526,0
"hke.27.3a46-8abd",2022,2019,0.212041,0.24,206897,652303.251161786,812397,1011782.30283771,0
"hke.27.3a46-8abd",2022,2020,0.192522,0.24,199969,386034.509413691,500739,649526.247023417,0
"hke.27.3a46-8abd",2022,2021,0.183886,0.24,195117,403553.004162758,573606,815317.541542327,0
"hke.27.3a46-8abd",2022,2022,NA,0.24,186358,NA,898602,NA,0
"hom.27.2a4a5b6a7a-ce-k8",2021,1982,0.0175923,0.074,2469210,37786770.1,47836900,60560058.4,0
"hom.27.2a4a5b6a7a-ce-k8",2021,1983,0.0241725,0.074,2587600,521495,1506360,4351183.8,0
"hom.27.2a4a5b6a7a-ce-k8",2021,1984,0.0220631,0.074,2702620,570806.3,1618940,4591692.3,0
"hom.27.2a4a5b6a7a-ce-k8",2021,1985,0.0183024,0.074,3134920,813406,2127570,5564938.3,0
"hom.27.2a4a5b6a7a-ce-k8",2021,1986,0.0225872,0.074,4372860,1080113.7,2659390,6547787.5,0
"hom.27.2a4a5b6a7a-ce-k8",2021,1987,0.0286408,0.074,5087090,2534964.9,5227420,10779604.8,0
"hom.27.2a4a5b6a7a-ce-k8",2021,1988,0.0319641,0.074,5122550,1057214.7,2828290,7566319.8,0
"hom.27.2a4a5b6a7a-ce-k8",2021,1989,0.0326978,0.074,4916890,1296097.9,3172420,7765037.4,0
"hom.27.2a4a5b6a7a-ce-k8",2021,1990,0.0455949,0.074,4654220,887560.7,2213230,5518932.1,0
"hom.27.2a4a5b6a7a-ce-k8",2021,1991,0.0514483,0.074,4339050,1948030.2,3917750,7879120.8,0
"hom.27.2a4a5b6a7a-ce-k8",2021,1992,0.0783188,0.074,3981390,4676563.1,7659570,12545326.9,0
"hom.27.2a4a5b6a7a-ce-k8",2021,1993,0.1030728,0.074,3503640,4278224.1,6961380,11327319.5,0
"hom.27.2a4a5b6a7a-ce-k8",2021,1994,0.1066553,0.074,2992100,4071058.7,6385880,10016918.6,0
"hom.27.2a4a5b6a7a-ce-k8",2021,1995,0.1576797,0.074,2629550,2252367.2,3836720,6535533.2,0
"hom.27.2a4a5b6a7a-ce-k8",2021,1996,0.1373081,0.074,2315190,1139973.6,2155970,4077468.8,0
"hom.27.2a4a5b6a7a-ce-k8",2021,1997,0.1936956,0.074,2179160,760562.5,1497210,2947342,0
"hom.27.2a4a5b6a7a-ce-k8",2021,1998,0.1321301,0.074,1927560,1573090.9,2574170,4212313.1,0
"hom.27.2a4a5b6a7a-ce-k8",2021,1999,0.1339536,0.074,1784670,1723357.7,2711470,4266130.9,0
"hom.27.2a4a5b6a7a-ce-k8",2021,2000,0.0999739,0.074,1585430,1206872.5,1999390,3312330.3,0
"hom.27.2a4a5b6a7a-ce-k8",2021,2001,0.123524,0.074,1439890,9647661.5,11846100,14545502.5,0
"hom.27.2a4a5b6a7a-ce-k8",2021,2002,0.1132459,0.074,1287020,1302929.2,2179360,3645332.3,0
"hom.27.2a4a5b6a7a-ce-k8",2021,2003,0.111097,0.074,1197440,657320.7,1064110,1722644.8,0
"hom.27.2a4a5b6a7a-ce-k8",2021,2004,0.0881638,0.074,1204550,1291234.4,1949000,2941837,0
"hom.27.2a4a5b6a7a-ce-k8",2021,2005,0.096626,0.074,1400640,953095.7,1481480,2302794,0
"hom.27.2a4a5b6a7a-ce-k8",2021,2006,0.0829059,0.074,1464720,778088.9,1231430,1948903,0
"hom.27.2a4a5b6a7a-ce-k8",2021,2007,0.0673322,0.074,1411860,1327619.3,1956800,2884159.7,0
"hom.27.2a4a5b6a7a-ce-k8",2021,2008,0.0823213,0.074,1349390,3777466.6,4945330,6474256.7,0
"hom.27.2a4a5b6a7a-ce-k8",2021,2009,0.1146807,0.074,1247790,843764.3,1277190,1933258.3,0
"hom.27.2a4a5b6a7a-ce-k8",2021,2010,0.1397294,0.074,1105300,593023,938294,1484589.4,0
"hom.27.2a4a5b6a7a-ce-k8",2021,2011,0.1464523,0.074,991969,191993.8,344757,619068.7,0
"hom.27.2a4a5b6a7a-ce-k8",2021,2012,0.1414424,0.074,944091,1678713.5,2417070,3480181.4,0
"hom.27.2a4a5b6a7a-ce-k8",2021,2013,0.1549217,0.074,868583,696425.7,1053240,1592868.5,0
"hom.27.2a4a5b6a7a-ce-k8",2021,2014,0.1451609,0.074,744841,2376418.9,3375470,4794524,0
"hom.27.2a4a5b6a7a-ce-k8",2021,2015,0.1137971,0.074,640294,1581451.4,2396120,3630456.8,0
"hom.27.2a4a5b6a7a-ce-k8",2021,2016,0.1169839,0.074,606453,1824880,2777670,4227922.1,0
"hom.27.2a4a5b6a7a-ce-k8",2021,2017,0.095203,0.074,594977,2241954.2,3633800,5889729,0
"hom.27.2a4a5b6a7a-ce-k8",2021,2018,0.1092116,0.074,642427,1848231,2968230,4766930.8,0
"hom.27.2a4a5b6a7a-ce-k8",2021,2019,0.1257947,0.074,691329,808629.5,1356420,2275300.7,0
"hom.27.2a4a5b6a7a-ce-k8",2021,2020,0.0709736,0.074,734333,635928.1,1083960,1847644.9,0
"hom.27.2a4a5b6a7a-ce-k8",2021,2021,NA,0.074,836074,NA,2345380,NA,0
"lin.27.5b",2022,1996,0.373,0.23,18303,1221,1594,2080,3
"lin.27.5b",2022,1997,0.39,0.23,15554,1385,1821,2394,3
"lin.27.5b",2022,1998,0.45,0.23,15171,2223,2847,3646,3
"lin.27.5b",2022,1999,0.509,0.23,13136,2310,2966,3808,3
"lin.27.5b",2022,2000,0.432,0.23,13179,2208,2835,3639,3
"lin.27.5b",2022,2001,0.375,0.23,11689,1851,2395,3098,3
"lin.27.5b",2022,2002,0.33,0.23,12536,1855,2390,3079,3
"lin.27.5b",2022,2003,0.388,0.23,13567,2167,2760,3515,3
"lin.27.5b",2022,2004,0.478,0.23,15118,2413,3069,3903,3
"lin.27.5b",2022,2005,0.487,0.23,13249,3198,4126,5323,3
"lin.27.5b",2022,2006,0.489,0.23,11749,3028,3888,4991,3
"lin.27.5b",2022,2007,0.437,0.23,11935,2817,3592,4582,3
"lin.27.5b",2022,2008,0.382,0.23,14270,2992,3822,4883,3
"lin.27.5b",2022,2009,0.374,0.23,13711,2936,3777,4860,3
"lin.27.5b",2022,2010,0.386,0.23,16101,2482,3180,4076,3
"lin.27.5b",2022,2011,0.4,0.23,18439,1665,2135,2739,3
"lin.27.5b",2022,2012,0.446,0.23,17424,1858,2390,3075,3
"lin.27.5b",2022,2013,0.331,0.23,18748,3464,4441,5693,3
"lin.27.5b",2022,2014,0.483,0.23,19641,3508,4509,5796,3
"lin.27.5b",2022,2015,0.434,0.23,19616,3174,4165,5466,3
"lin.27.5b",2022,2016,0.33,0.23,19145,3167,4185,5530,3
"lin.27.5b",2022,2017,0.263,0.23,22845,2375,3286,4547,3
"lin.27.5b",2022,2018,0.24,0.23,24882,1295,1888,2753,3
"lin.27.5b",2022,2019,0.306,0.23,23194,726,1140,1790,3
"lin.27.5b",2022,2020,0.395,0.23,25466,594,1068,1920,3
"lin.27.5b",2022,2021,0.403,0.23,21971,540,1155,2467,3
"lin.27.5b",2022,2022,NA,0.23,19363,1068,2966,4509,3
"mac.27.nea",2021,2009,0.2841014,0.26,3312494,3156260,4664141,6892403,0
"mac.27.nea",2021,2010,0.2762851,0.26,3704409,3832715,5334499,7424733,0
"mac.27.nea",2021,2011,0.2714657,0.26,4259835,3808240,5942633,9273284,0
"mac.27.nea",2021,2012,0.2541488,0.26,3946707,3970969,5531582,7705525,0
"mac.27.nea",2021,2013,0.2533367,0.26,4381909,3909279,5385707,7419743,0
"mac.27.nea",2021,1980,0.2197434,0.26,4119074,2543547,4811944,9103354,0
"mac.27.nea",2021,1981,0.2200589,0.26,3605227,2701483,4534674,7611843,0
"mac.27.nea",2021,1982,0.2206051,0.26,3447225,2477347,3958511,6325237,0
"mac.27.nea",2021,1983,0.2214666,0.26,3653848,2372671,3818369,6144951,0
"mac.27.nea",2021,1984,0.2229576,0.26,3961825,2724671,4135091,6275612,0
"mac.27.nea",2021,2014,0.2561949,0.26,5554870,3947156,5476329,7597921,0
"mac.27.nea",2021,2015,0.2397007,0.26,5554841,3699172,5171170,7228917,0
"mac.27.nea",2021,2016,0.217722,0.26,5278481,3833059,5760094,8655929,0
"mac.27.nea",2021,2017,0.217268,0.26,5161638,3857969,5990287,9301147,0
"mac.27.nea",2021,2018,0.2183776,0.26,4521691,3954797,6041636,9229645,0
"mac.27.nea",2021,1985,0.2261173,0.26,3991611,2720520,4044346,6012357,0
"mac.27.nea",2021,1986,0.2304379,0.26,3583027,2723910,4002878,5882364,0
"mac.27.nea",2021,1987,0.2358199,0.26,3546607,2707124,4028611,5995185,0
"mac.27.nea",2021,1988,0.2420841,0.26,3495772,2601261,3736555,5367336,0
"mac.27.nea",2021,1989,0.2511546,0.26,3278812,2491056,3575256,5131339,0
"mac.27.nea",2021,1990,0.2621414,0.26,3365579,2309231,3369803,4917469,0
"mac.27.nea",2021,1991,0.2753727,0.26,3266335,2340121,3351837,4800953,0
"mac.27.nea",2021,1992,0.2892626,0.26,3003550,2335182,3326467,4738555,0
"mac.27.nea",2021,1993,0.3020456,0.26,2673128,2186467,3138516,4505113,0
"mac.27.nea",2021,1994,0.3098697,0.26,2337129,2077012,3023339,4400830,0
"mac.27.nea",2021,1995,0.3099406,0.26,2304484,1973640,2938787,4375909,0
"mac.27.nea",2021,1996,0.3048298,0.26,2190841,2067082,3002031,4359860,0
"mac.27.nea",2021,1997,0.3023543,0.26,2158199,2055857,2993152,4357776,0
"mac.27.nea",2021,1998,0.3082117,0.26,2130817,2151848,3048761,4319517,0
"mac.27.nea",2021,1999,0.319621,0.26,2320394,2438065,3293974,4450358,0
"mac.27.nea",2021,2000,0.3331552,0.26,2295030,2161535,3271449,4951287,0
"mac.27.nea",2021,2001,0.3596357,0.26,2179261,3007872,4292777,6126570,0
"mac.27.nea",2021,2002,0.3814872,0.26,2090999,3126363,4815423,7417020,0
"mac.27.nea",2021,2003,0.3948073,0.26,2008630,2802018,4130904,6090027,0
"mac.27.nea",2021,2004,0.3690946,0.26,2633091,3503736,4802786,6583472,0
"mac.27.nea",2021,2005,0.308932,0.26,2382116,3447116,5625640,9180956,0
"mac.27.nea",2021,2006,0.2897533,0.26,2166834,3575776,5667557,8983000,0
"mac.27.nea",2021,2007,0.3169868,0.26,2288905,3645610,4995749,6845907,0
"mac.27.nea",2021,2008,0.3075677,0.26,2662883,3332312,4707792,6651030,0
"mac.27.nea",2021,2019,0.2154688,0.26,3876306,3877051,6511865,10937279,0
"mac.27.nea",2021,2020,0.2486582,0.26,3938555,NA,5743130,NA,0
"mac.27.nea",2021,2021,NA,0.26,3510848.90371431,NA,4367513,NA,0
"meg.27.7b-k8abd",2022,1984,0.19397275,0.233,77101.9747499935,195175.483701737,230208.715762804,265241.947823872,1
"meg.27.7b-k8abd",2022,1985,0.227803,0.233,81158.760316784,184730.035723548,218021.965899624,251313.8960757,1
"meg.27.7b-k8abd",2022,1986,0.2173445,0.233,85602.8185973004,176664.985788875,209635.111906454,242605.238024032,1
"meg.27.7b-k8abd",2022,1987,0.220411,0.233,89217.3229524824,153174.835390913,181309.135582492,209443.435774071,1
"meg.27.7b-k8abd",2022,1988,0.24892375,0.233,74998.89581838,151357.366868406,179648.548663893,207939.73045938,1
"meg.27.7b-k8abd",2022,1989,0.340227,0.233,63393.8404257274,191602.099027316,227251.828412726,262901.557798136,1
"meg.27.7b-k8abd",2022,1990,0.38560375,0.233,52601.9545710844,216469.342994383,256377.582050469,296285.821106556,1
"meg.27.7b-k8abd",2022,1991,0.42773475,0.233,50324.5189000422,245474.913869144,290948.560404063,336422.206938982,1
"meg.27.7b-k8abd",2022,1992,0.36216775,0.233,47031.9586657072,206060.150403201,243615.47569367,281170.800984138,1
"meg.27.7b-k8abd",2022,1993,0.36875725,0.233,49875.4255194558,176041.302778942,207720.859528237,239400.416277531,1
"meg.27.7b-k8abd",2022,1994,0.31967625,0.233,48238.2863007453,185658.179886904,218801.399116393,251944.618345883,1
"meg.27.7b-k8abd",2022,1995,0.3268665,0.233,55355.9263835154,210376.060249586,247261.519330027,284146.978410469,1
"meg.27.7b-k8abd",2022,1996,0.35370125,0.233,51311.0501422226,228796.884261696,268340.546846519,307884.209431342,1
"meg.27.7b-k8abd",2022,1997,0.29831325,0.233,52984.1161595206,207590.456446775,243208.593753431,278826.731060087,1
"meg.27.7b-k8abd",2022,1998,0.3318315,0.233,56304.9437489103,230572.079779377,268758.872341327,306945.664903277,1
"meg.27.7b-k8abd",2022,1999,0.3543085,0.233,48824.5228667435,225827.420165483,263150.89484938,300474.369533278,1
"meg.27.7b-k8abd",2022,2000,0.37048775,0.233,48578.3755231206,253864.684257988,295082.862368707,336301.040479427,1
"meg.27.7b-k8abd",2022,2001,0.43464025,0.233,48928.9365544692,214546.363452757,247843.869106994,281141.374761231,1
"meg.27.7b-k8abd",2022,2002,0.469246,0.233,45578.1242078402,229873.802380138,266020.048281095,302166.294182051,1
"meg.27.7b-k8abd",2022,2003,0.462967,0.233,42965.7415273591,215024.956001021,247611.18349742,280197.41099382,1
"meg.27.7b-k8abd",2022,2004,0.4547325,0.233,37799.8053520732,176924.684022853,203492.466114912,230060.248206972,1
"meg.27.7b-k8abd",2022,2005,0.47132325,0.233,36053.5160708754,184578.735840342,211826.552606458,239074.369372574,1
"meg.27.7b-k8abd",2022,2006,0.422011,0.233,35289.4064915465,224868.363840756,257923.733423376,290979.103005997,1
"meg.27.7b-k8abd",2022,2007,0.4555525,0.233,36299.4309614351,214259.823912636,246253.850774905,278247.877637174,1
"meg.27.7b-k8abd",2022,2008,0.3300265,0.233,37710.8840075725,154152.714073252,177204.078257302,200255.442441353,1
"meg.27.7b-k8abd",2022,2009,0.338876,0.233,46675.1195965664,179318.253464619,206608.927475928,233899.601487237,1
"meg.27.7b-k8abd",2022,2010,0.425199,0.233,49552.7224441039,187401.684422342,215687.480767504,243973.277112666,1
"meg.27.7b-k8abd",2022,2011,0.379274,0.233,39998.1060749709,158401.493600363,182432.51118937,206463.528778377,1
"meg.27.7b-k8abd",2022,2012,0.38716975,0.233,41473.6507182117,126090.873437564,144699.297256483,163307.721075403,1
"meg.27.7b-k8abd",2022,2013,0.47983325,0.233,42849.7134885386,130955.389667157,150805.705125222,170656.020583287,1
"meg.27.7b-k8abd",2022,2014,0.34610175,0.233,47716.1919919603,119685.442547851,138656.464690907,157627.486833963,1
"meg.27.7b-k8abd",2022,2015,0.29529625,0.233,40128.7308183853,137825.96097952,162384.675090171,186943.389200822,1
"meg.27.7b-k8abd",2022,2016,0.33104975,0.233,44679.4633251025,172308.188552046,206961.134655447,241614.080758848,1
"meg.27.7b-k8abd",2022,2017,0.3706655,0.233,41329.8704811727,211102.771756934,264621.391611524,318140.011466114,1
"meg.27.7b-k8abd",2022,2018,0.2893345,0.233,53715.6122444329,208563.381002285,276376.465166233,344189.549330181,1
"meg.27.7b-k8abd",2022,2019,0.21944225,0.233,61793.1687994206,165953.67137259,243438.736350879,320923.801329167,1
"meg.27.7b-k8abd",2022,2020,0.17200805,0.233,75431.7679542094,102553.898904174,182574.284115422,262594.66932667,1
"meg.27.7b-k8abd",2022,2021,0.1790745,0.233,84326.7833662193,52998.0154470606,159912.231550189,266826.447653318,1
"meg.27.7b-k8abd",2022,2022,NA,0.233,99557,NA,221058,NA,1
"mon.27.78abd",2021,1986,0.2804485,0.28,51093.2592542111,34632.4727678992,40235.8726427992,45839.2725176992,0
"mon.27.78abd",2021,1987,0.2962845,0.28,60054.9022113267,25861.5210786381,30125.4504697729,34389.3798609078,0
"mon.27.78abd",2021,1988,0.3248335,0.28,59307.1490013557,18910.9606529162,22004.8423281494,25098.7240033826,0
"mon.27.78abd",2021,1989,0.36209225,0.28,52593.6408930877,7539.52694406908,8786.21918673965,10032.9114294102,0
"mon.27.78abd",2021,1990,0.35970225,0.28,47284.8955098588,14999.2294033765,17401.6498857723,19804.070368168,0
"mon.27.78abd",2021,1991,0.33990575,0.28,46950.2621339998,32153.6470253966,37086.5958392924,42019.5446531883,0
"mon.27.78abd",2021,1992,0.25213675,0.28,43096.505772786,25896.2152439523,29915.3627666135,33934.5102892747,0
"mon.27.78abd",2021,1993,0.25609625,0.28,43918.1682880672,29058.086340782,33597.9167205152,38137.7471002484,0
"mon.27.78abd",2021,1994,0.33593125,0.28,39507.7272775037,25931.8210867406,29959.7297168648,33987.638346989,0
"mon.27.78abd",2021,1995,0.3509665,0.28,40370.1524638102,13766.2855515801,15952.1029837975,18137.9204160149,0
"mon.27.78abd",2021,1996,0.3661135,0.28,40559.0510367161,15275.1074380584,17694.9377560332,20114.7680740079,0
"mon.27.78abd",2021,1997,0.43484825,0.28,40790.3589642274,16271.2033114165,18837.4109957652,21403.6186801139,0
"mon.27.78abd",2021,1998,0.41126375,0.28,39173.3884133307,31960.0395183354,37008.9294055921,42057.8192928488,0
"mon.27.78abd",2021,1999,0.5016745,0.28,36944.8256185329,21260.0551957613,24496.1873551721,27732.319514583,0
"mon.27.78abd",2021,2000,0.33562325,0.28,28638.538832657,37273.687887546,42953.324074932,48632.9602623181,0
"mon.27.78abd",2021,2001,0.45464575,0.28,30371.3793441031,55378.8874979236,63546.5789705777,71714.2704432318,0
"mon.27.78abd",2021,2002,0.44947625,0.28,26122.8375623733,36253.2348720173,41512.4175637064,46771.6002553956,0
"mon.27.78abd",2021,2003,0.506068,0.28,24336.6526887295,44103.3790989571,49094.1177384917,54084.8563780263,0
"mon.27.78abd",2021,2004,0.58944025,0.28,21429.6991354391,59154.3612058514,66188.499795937,73222.6383860226,0
"mon.27.78abd",2021,2005,0.4796245,0.28,23182.7283967833,25983.1037108387,28809.8781659312,31636.6526210238,0
"mon.27.78abd",2021,2006,0.35449125,0.28,26042.8075947609,20172.3130540909,22378.8062064166,24585.2993587422,0
"mon.27.78abd",2021,2007,0.400837,0.28,29582.2591933796,25688.1951128487,28538.8223123171,31389.4495117854,0
"mon.27.78abd",2021,2008,0.41759,0.28,35904.0965929605,41044.3294293956,45646.7959956599,50249.2625619242,0
"mon.27.78abd",2021,2009,0.423781,0.28,41244.6804764624,44678.6731610623,49794.4748043845,54910.2764477067,0
"mon.27.78abd",2021,2010,0.41952125,0.28,36112.414722663,51097.8549856841,56944.1554417116,62790.4558977392,0
"mon.27.78abd",2021,2011,0.36936375,0.28,34050.4901435062,29807.2545365725,33196.5754243687,36585.8963121649,0
"mon.27.78abd",2021,2012,0.40564225,0.28,35838.9833619803,40431.812329271,44888.7716027445,49345.7308762181,0
"mon.27.78abd",2021,2013,0.36019425,0.28,36568.8334989011,34241.5378499824,38131.5977047305,42021.6575594787,0
"mon.27.78abd",2021,2014,0.377076,0.28,40928.4241512283,47505.5213987064,53353.733294787,59201.9451908675,0
"mon.27.78abd",2021,2015,0.34837175,0.28,49276.6175119785,27281.7872005044,30610.3802651894,33938.9733298745,0
"mon.27.78abd",2021,2016,0.3529085,0.28,47623.6319703368,23163.5701448463,26306.1065095165,29448.6428741867,0
"mon.27.78abd",2021,2017,0.352439,0.28,52781.6926200407,34306.5955191699,39684.1497144004,45061.7039096309,0
"mon.27.78abd",2021,2018,0.28936325,0.28,54935.4168865638,43799.8838637186,51607.5006160769,59415.1173684352,0
"mon.27.78abd",2021,2019,0.24074825,0.28,60870.9691827844,34984.1904311987,43832.9935196305,52681.7966080624,0
"mon.27.78abd",2021,2020,0.23311875,0.28,59806.5867865408,34169.422580873,48519.3861291092,62869.3496773454,0
"mon.27.78abd",2021,2021,NA,0.28,64190,NA,32708,NA,0
"ple.27.7a",2021,1981,0.598,0.196,7062,10751,16179,24347,1
"ple.27.7a",2021,1982,0.588,0.196,6738,15902,22776,32622,1
"ple.27.7a",2021,1983,0.642,0.196,6062,17069,24276,34526,1
"ple.27.7a",2021,1984,0.567,0.196,7687,16309,23081,32667,1
"ple.27.7a",2021,1985,0.56,0.196,8476,14951,21125,29850,1
"ple.27.7a",2021,1986,0.589,0.196,9052,15556,21991,31088,1
"ple.27.7a",2021,1987,0.703,0.196,8472,15200,21660,30865,1
"ple.27.7a",2021,1988,0.7,0.196,7897,10943,15439,21784,1
"ple.27.7a",2021,1989,0.609,0.196,7024,8310,12027,17409,1
"ple.27.7a",2021,1990,0.598,0.196,6342,11414,16060,22597,1
"ple.27.7a",2021,1991,0.601,0.196,5052,11619,16202,22591,1
"ple.27.7a",2021,1992,0.761,0.196,5064,12931,17807,24521,1
"ple.27.7a",2021,1993,0.678,0.196,4155,11748,15617,20760,1
"ple.27.7a",2021,1994,0.658,0.196,4309,11020,14687,19573,1
"ple.27.7a",2021,1995,0.603,0.196,3769,13133,17464,23223,1
"ple.27.7a",2021,1996,0.542,0.196,4009,16627,22178,29583,1
"ple.27.7a",2021,1997,0.536,0.196,4241,17235,22932,30511,1
"ple.27.7a",2021,1998,0.534,0.196,4629,14641,19464,25876,1
"ple.27.7a",2021,1999,0.418,0.196,5346,13781,18438,24668,1
"ple.27.7a",2021,2000,0.344,0.196,5833,17709,24145,32919,1
"ple.27.7a",2021,2001,0.299,0.196,7036,17986,24161,32456,1
"ple.27.7a",2021,2002,0.255,0.196,8390,18519,25014,33786,1
"ple.27.7a",2021,2003,0.208,0.196,10073,16119,22061,30193,1
"ple.27.7a",2021,2004,0.153,0.196,10330,15272,20727,28131,1
"ple.27.7a",2021,2005,0.202,0.196,10072,12852,17385,23517,1
"ple.27.7a",2021,2006,0.218,0.196,9047,16885,22724,30582,1
"ple.27.7a",2021,2007,0.24,0.196,7449,19939,27099,36830,1
"ple.27.7a",2021,2008,0.185,0.196,7429,15756,21225,28592,1
"ple.27.7a",2021,2009,0.136,0.196,8372,12162,16685,22892,1
"ple.27.7a",2021,2010,0.208,0.196,8284,17198,23236,31393,1
"ple.27.7a",2021,2011,0.131,0.196,9743,20196,27460,37336,1
"ple.27.7a",2021,2012,0.137,0.196,8143,17358,23488,31782,1
"ple.27.7a",2021,2013,0.089,0.196,9845,17322,23449,31745,1
"ple.27.7a",2021,2014,0.094,0.196,10010,20976,29380,41150,1
"ple.27.7a",2021,2015,0.062,0.196,13347,12016,16650,23071,1
"ple.27.7a",2021,2016,0.054,0.196,19394,10635,14461,19663,1
"ple.27.7a",2021,2017,0.069,0.196,14596,7420,10346,14426,1
"ple.27.7a",2021,2018,0.068,0.196,15563,9573,13362,18651,1
"ple.27.7a",2021,2019,0.071,0.196,14915,7458,10859,15809,1
"ple.27.7a",2021,2020,0.044,0.196,13434,2956,6098,12580,1
"ple.27.7a",2021,2021,NA,0.196,15829.9,9116.28,12994.33,18522.1,1
"pok.27.3a46",2022,1967,0.353,0.363,152326,102234,142300,198068,3
"pok.27.3a46",2022,1968,0.293,0.363,211063,117160,160741,220533,3
"pok.27.3a46",2022,1969,0.32,0.363,277547,210221,288405,395667,3
"pok.27.3a46",2022,1970,0.345,0.363,347234,216820,295841,403661,3
"pok.27.3a46",2022,1971,0.371,0.363,463449,264255,357119,482618,3
"pok.27.3a46",2022,1972,0.402,0.363,493122,166316,223262,299706,3
"pok.27.3a46",2022,1973,0.426,0.363,526082,149228,200110,268342,3
"pok.27.3a46",2022,1974,0.494,0.363,580796,147622,198212,266140,3
"pok.27.3a46",2022,1975,0.533,0.363,519493,175210,234233,313138,3
"pok.27.3a46",2022,1976,0.601,0.363,400607,300151,407671,553706,3
"pok.27.3a46",2022,1977,0.593,0.363,325517,111036,149479,201231,3
"pok.27.3a46",2022,1978,0.481,0.363,297697,89480,120095,161185,3
"pok.27.3a46",2022,1979,0.451,0.363,278895,64995,87537,117896,3
"pok.27.3a46",2022,1980,0.474,0.363,260493,63484,85500,115152,3
"pok.27.3a46",2022,1981,0.469,0.363,248809,121516,164775,223432,3
"pok.27.3a46",2022,1982,0.54,0.363,220138,105198,141145,189375,3
"pok.27.3a46",2022,1983,0.652,0.363,220172,110723,148680,199648,3
"pok.27.3a46",2022,1984,0.679,0.363,189034,189723,255285,343502,3
"pok.27.3a46",2022,1985,0.705,0.363,166175,261921,355869,483515,3
"pok.27.3a46",2022,1986,0.741,0.363,156393,217104,292033,392822,3
"pok.27.3a46",2022,1987,0.707,0.363,165104,111112,149344,200731,3
"pok.27.3a46",2022,1988,0.712,0.363,154493,103492,138595,185604,3
"pok.27.3a46",2022,1989,0.692,0.363,126511,76019,101911,136623,3
"pok.27.3a46",2022,1990,0.659,0.363,114785,111960,150317,201816,3
"pok.27.3a46",2022,1991,0.63,0.363,107476,131192,175572,234965,3
"pok.27.3a46",2022,1992,0.614,0.363,112762,77768,103646,138134,3
"pok.27.3a46",2022,1993,0.645,0.363,119117,133531,178040,237385,3
"pok.27.3a46",2022,1994,0.574,0.363,123531,89880,119769,159598,3
"pok.27.3a46",2022,1995,0.581,0.363,142702,160822,216503,291463,3
"pok.27.3a46",2022,1996,0.515,0.363,153856,88871,119415,160457,3
"pok.27.3a46",2022,1997,0.444,0.363,191026,114956,155443,210191,3
"pok.27.3a46",2022,1998,0.447,0.363,188351,67668,91899,124807,3
"pok.27.3a46",2022,1999,0.472,0.363,199207,89232,121062,164245,3
"pok.27.3a46",2022,2000,0.404,0.363,194074,75005,101516,137399,3
"pok.27.3a46",2022,2001,0.381,0.363,200010,150395,202624,272991,3
"pok.27.3a46",2022,2002,0.423,0.363,218903,113334,153036,206646,3
"pok.27.3a46",2022,2003,0.44,0.363,204854,118571,159472,214481,3
"pok.27.3a46",2022,2004,0.378,0.363,254008,83886,112684,151367,3
"pok.27.3a46",2022,2005,0.382,0.363,245029,104390,141072,190644,3
"pok.27.3a46",2022,2006,0.399,0.363,259805,70100,96133,131833,3
"pok.27.3a46",2022,2007,0.384,0.363,243334,106764,148095,205427,3
"pok.27.3a46",2022,2008,0.443,0.363,244265,53604,72017,96754,3
"pok.27.3a46",2022,2009,0.459,0.363,242360,42176,56618,76005,3
"pok.27.3a46",2022,2010,0.444,0.363,227659,65986,88646,119087,3
"pok.27.3a46",2022,2011,0.444,0.363,182842,57898,79044,107913,3
"pok.27.3a46",2022,2012,0.417,0.363,166341,98159,131860,177132,3
"pok.27.3a46",2022,2013,0.386,0.363,170520,67359,90536,121687,3
"pok.27.3a46",2022,2014,0.37,0.363,189849,40890,55300,74787,3
"pok.27.3a46",2022,2015,0.371,0.363,195259,67795,91980,124793,3
"pok.27.3a46",2022,2016,0.374,0.363,181437,84055,113926,154414,3
"pok.27.3a46",2022,2017,0.412,0.363,199442,58968,80142,108921,3
"pok.27.3a46",2022,2018,0.446,0.363,195111,29414,40065,54573,3
"pok.27.3a46",2022,2019,0.487,0.363,185595,35257,48437,66543,3
"pok.27.3a46",2022,2020,0.438,0.363,160486,21220,31416,46511,3
"pok.27.3a46",2022,2021,0.39,0.363,137451,28557,49833,86961,3
"pok.27.3a46",2022,2022,NA,0.363,130482,NA,66473,NA,3
"reg.27.561214",2022,1971,0.115,0.097,338242,NA,210600,NA,5
"reg.27.561214",2022,1972,0.089,0.097,326889,NA,161700,NA,5
"reg.27.561214",2022,1973,0.076,0.097,331438,NA,456700,NA,5
"reg.27.561214",2022,1974,0.083,0.097,347290,NA,220500,NA,5
"reg.27.561214",2022,1975,0.097,0.097,362455,NA,117900,NA,5
"reg.27.561214",2022,1976,0.145,0.097,373340,NA,195900,NA,5
"reg.27.561214",2022,1977,0.087,0.097,361350,NA,191000,NA,5
"reg.27.561214",2022,1978,0.071,0.097,389424,NA,129600,NA,5
"reg.27.561214",2022,1979,0.106,0.097,425542,NA,165500,NA,5
"reg.27.561214",2022,1980,0.12,0.097,439297,NA,100200,NA,5
"reg.27.561214",2022,1981,0.142,0.097,441430,NA,86900,NA,5
"reg.27.561214",2022,1982,0.193,0.097,429215,NA,64200,NA,5
"reg.27.561214",2022,1983,0.171,0.097,386355,NA,66100,NA,5
"reg.27.561214",2022,1984,0.163,0.097,357097,NA,71800,NA,5
"reg.27.561214",2022,1985,0.138,0.097,330502,NA,129500,NA,5
"reg.27.561214",2022,1986,0.146,0.097,312661,NA,123300,NA,5
"reg.27.561214",2022,1987,0.158,0.097,291881,NA,63400,NA,5
"reg.27.561214",2022,1988,0.212,0.097,266908,NA,39100,NA,5
"reg.27.561214",2022,1989,0.15,0.097,226159,NA,42500,NA,5
"reg.27.561214",2022,1990,0.199,0.097,211258,NA,347600,NA,5
"reg.27.561214",2022,1991,0.186,0.097,187851,NA,57500,NA,5
"reg.27.561214",2022,1992,0.206,0.097,172180,NA,38600,NA,5
"reg.27.561214",2022,1993,0.205,0.097,156762,NA,52100,NA,5
"reg.27.561214",2022,1994,0.183,0.097,147027,NA,61700,NA,5
"reg.27.561214",2022,1995,0.195,0.097,144733,NA,325400,NA,5
"reg.27.561214",2022,1996,0.155,0.097,143002,NA,83500,NA,5
"reg.27.561214",2022,1997,0.165,0.097,149041,NA,38500,NA,5
"reg.27.561214",2022,1998,0.165,0.097,152952,NA,38800,NA,5
"reg.27.561214",2022,1999,0.175,0.097,157102,NA,76500,NA,5
"reg.27.561214",2022,2000,0.172,0.097,159403,NA,47500,NA,5
"reg.27.561214",2022,2001,0.142,0.097,160947,NA,103200,NA,5
"reg.27.561214",2022,2002,0.195,0.097,167273,NA,111800,NA,5
"reg.27.561214",2022,2003,0.148,0.097,161447,NA,163600,NA,5
"reg.27.561214",2022,2004,0.123,0.097,166336,NA,101600,NA,5
"reg.27.561214",2022,2005,0.173,0.097,176691,NA,154300,NA,5
"reg.27.561214",2022,2006,0.161,0.097,177413,NA,151700,NA,5
"reg.27.561214",2022,2007,0.146,0.097,185875,NA,98400,NA,5
"reg.27.561214",2022,2008,0.165,0.097,199321,NA,119800,NA,5
"reg.27.561214",2022,2009,0.133,0.097,210288,NA,184100,NA,5
"reg.27.561214",2022,2010,0.119,0.097,230741,NA,155300,NA,5
"reg.27.561214",2022,2011,0.13,0.097,254843,NA,83200,NA,5
"reg.27.561214",2022,2012,0.123,0.097,274185,NA,123600,NA,5
"reg.27.561214",2022,2013,0.137,0.097,293834,NA,76100,NA,5
"reg.27.561214",2022,2014,0.126,0.097,305377,NA,36300,NA,5
"reg.27.561214",2022,2015,0.124,0.097,315360,NA,11000,NA,5
"reg.27.561214",2022,2016,0.142,0.097,319575,NA,13300,NA,5
"reg.27.561214",2022,2017,0.136,0.097,310673,NA,35900,NA,5
"reg.27.561214",2022,2018,0.133,0.097,298542,NA,4500,NA,5
"reg.27.561214",2022,2019,0.128,0.097,282338,NA,8200,NA,5
"reg.27.561214",2022,2020,0.129,0.097,264207,NA,19100,NA,5
"reg.27.561214",2022,2021,0.134,0.097,242926,NA,26200,NA,5
"reg.27.561214",2022,2022,NA,0.097,220056,NA,47200,NA,5
"sol.27.7a",2021,1970,0.39,0.2,6436,NA,3695,NA,2
"sol.27.7a",2021,1971,0.44,0.2,6222,NA,10177,NA,2
"sol.27.7a",2021,1972,0.45,0.2,5011,NA,3186,NA,2
"sol.27.7a",2021,1973,0.43,0.2,5123,NA,13133,NA,2
"sol.27.7a",2021,1974,0.44,0.2,5068,NA,5870,NA,2
"sol.27.7a",2021,1975,0.4,0.2,5359,NA,6680,NA,2
"sol.27.7a",2021,1976,0.43,0.2,4889,NA,3857,NA,2
"sol.27.7a",2021,1977,0.37,0.2,4490,NA,15772,NA,2
"sol.27.7a",2021,1978,0.36,0.2,5092,NA,9040,NA,2
"sol.27.7a",2021,1979,0.47,0.2,5685,NA,8848,NA,2
"sol.27.7a",2021,1980,0.64,0.2,5513,NA,5070,NA,2
"sol.27.7a",2021,1981,0.48,0.2,5165,NA,4497,NA,2
"sol.27.7a",2021,1982,0.44,0.2,4331,NA,2460,NA,2
"sol.27.7a",2021,1983,0.44,0.2,4095,NA,5557,NA,2
"sol.27.7a",2021,1984,0.35,0.2,4602,NA,15464,NA,2
"sol.27.7a",2021,1985,0.34,0.2,5637,NA,16229,NA,2
"sol.27.7a",2021,1986,0.44,0.2,6947,NA,23709,NA,2
"sol.27.7a",2021,1987,0.86,0.2,7153,NA,3458,NA,2
"sol.27.7a",2021,1988,0.69,0.2,5504,NA,3493,NA,2
"sol.27.7a",2021,1989,0.58,0.2,4616,NA,4369,NA,2
"sol.27.7a",2021,1990,0.66,0.2,3610,NA,5553,NA,2
"sol.27.7a",2021,1991,0.51,0.2,3173,NA,12666,NA,2
"sol.27.7a",2021,1992,0.53,0.2,3440,NA,4947,NA,2
"sol.27.7a",2021,1993,0.56,0.2,3219,NA,6181,NA,2
"sol.27.7a",2021,1994,0.5,0.2,4034,NA,5239,NA,2
"sol.27.7a",2021,1995,0.51,0.2,3504,NA,2004,NA,2
"sol.27.7a",2021,1996,0.53,0.2,2698,NA,2496,NA,2
"sol.27.7a",2021,1997,0.6,0.2,2488,NA,8356,NA,2
"sol.27.7a",2021,1998,0.5,0.2,3009,NA,6871,NA,2
"sol.27.7a",2021,1999,0.47,0.2,3302,NA,5240,NA,2
"sol.27.7a",2021,2000,0.46,0.2,3108,NA,6955,NA,2
"sol.27.7a",2021,2001,0.35,0.2,3545,NA,4552,NA,2
"sol.27.7a",2021,2002,0.38,0.2,3556,NA,2330,NA,2
"sol.27.7a",2021,2003,0.36,0.2,3193,NA,3056,NA,2
"sol.27.7a",2021,2004,0.31,0.2,2285,NA,3638,NA,2
"sol.27.7a",2021,2005,0.55,0.2,2065,NA,2952,NA,2
"sol.27.7a",2021,2006,0.47,0.2,1632,NA,1320,NA,2
"sol.27.7a",2021,2007,0.34,0.2,1389,NA,1866,NA,2
"sol.27.7a",2021,2008,0.31,0.2,1328,NA,1956,NA,2
"sol.27.7a",2021,2009,0.39,0.2,1074,NA,2270,NA,2
"sol.27.7a",2021,2010,0.29,0.2,1197,NA,1609,NA,2
"sol.27.7a",2021,2011,0.35,0.2,1096,NA,636,NA,2
"sol.27.7a",2021,2012,0.3,0.2,1158,NA,878,NA,2
"sol.27.7a",2021,2013,0.17,0.2,1090,NA,644,NA,2
"sol.27.7a",2021,2014,0.12,0.2,874,NA,782,NA,2
"sol.27.7a",2021,2015,0.08,0.2,1297,NA,1732,NA,2
"sol.27.7a",2021,2016,0.04,0.2,1230,NA,4580,NA,2
"sol.27.7a",2021,2017,0.02,0.2,1900,NA,1840,NA,2
"sol.27.7a",2021,2018,0.01,0.2,2698,NA,4280,NA,2
"sol.27.7a",2021,2019,0.15,0.2,2997,NA,3463,NA,2
"sol.27.7a",2021,2020,0.13,0.2,3493,NA,2931,NA,2
"sol.27.7a",2021,2021,NA,0.2,4067.28,NA,2931,NA,2
"sol.27.7e",2021,1969,0.134,0.29,2437,NA,1874,NA,2
"sol.27.7e",2021,1970,0.1457,0.29,2652,NA,1343,NA,2
"sol.27.7e",2021,1971,0.1806,0.29,2390,NA,3826,NA,2
"sol.27.7e",2021,1972,0.1383,0.29,2395,NA,2568,NA,2
"sol.27.7e",2021,1973,0.1596,0.29,2778,NA,2264,NA,2
"sol.27.7e",2021,1974,0.1528,0.29,2896,NA,3107,NA,2
"sol.27.7e",2021,1975,0.1307,0.29,3670,NA,2967,NA,2
"sol.27.7e",2021,1976,0.1804,0.29,3403,NA,2791,NA,2
"sol.27.7e",2021,1977,0.1304,0.29,4098,NA,6556,NA,2
"sol.27.7e",2021,1978,0.1778,0.29,4074,NA,4657,NA,2
"sol.27.7e",2021,1979,0.2423,0.29,4865,NA,4389,NA,2
"sol.27.7e",2021,1980,0.2324,0.29,5338,NA,4702,NA,2
"sol.27.7e",2021,1981,0.2701,0.29,4572,NA,8130,NA,2
"sol.27.7e",2021,1982,0.3207,0.29,4575,NA,4680,NA,2
"sol.27.7e",2021,1983,0.3633,0.29,4374,NA,3866,NA,2
"sol.27.7e",2021,1984,0.3,0.29,4430,NA,5968,NA,2
"sol.27.7e",2021,1985,0.3288,0.29,4009,NA,6982,NA,2
"sol.27.7e",2021,1986,0.3104,0.29,4013,NA,3765,NA,2
"sol.27.7e",2021,1987,0.2884,0.29,4112,NA,5848,NA,2
"sol.27.7e",2021,1988,0.3333,0.29,4043,NA,3878,NA,2
"sol.27.7e",2021,1989,0.4094,0.29,3443,NA,3736,NA,2
"sol.27.7e",2021,1990,0.4036,0.29,3287,NA,2818,NA,2
"sol.27.7e",2021,1991,0.2726,0.29,2991,NA,7163,NA,2
"sol.27.7e",2021,1992,0.2441,0.29,2938,NA,3903,NA,2
"sol.27.7e",2021,1993,0.3123,0.29,2811,NA,3351,NA,2
"sol.27.7e",2021,1994,0.2305,0.29,3054,NA,2378,NA,2
"sol.27.7e",2021,1995,0.2958,0.29,3069,NA,3454,NA,2
"sol.27.7e",2021,1996,0.2647,0.29,3056,NA,3942,NA,2
"sol.27.7e",2021,1997,0.3186,0.29,2923,NA,3335,NA,2
"sol.27.7e",2021,1998,0.2963,0.29,2913,NA,4409,NA,2
"sol.27.7e",2021,1999,0.3242,0.29,2834,NA,3576,NA,2
"sol.27.7e",2021,2000,0.3102,0.29,2871,NA,6548,NA,2
"sol.27.7e",2021,2001,0.3508,0.29,2901,NA,5429,NA,2
"sol.27.7e",2021,2002,0.3451,0.29,3019,NA,3808,NA,2
"sol.27.7e",2021,2003,0.2588,0.29,3298,NA,5380,NA,2
"sol.27.7e",2021,2004,0.3074,0.29,3109,NA,2865,NA,2
"sol.27.7e",2021,2005,0.3381,0.29,3098,NA,3995,NA,2
"sol.27.7e",2021,2006,0.3499,0.29,2727,NA,4610,NA,2
"sol.27.7e",2021,2007,0.364,0.29,2766,NA,3931,NA,2
"sol.27.7e",2021,2008,0.3316,0.29,2676,NA,4205,NA,2
"sol.27.7e",2021,2009,0.2226,0.29,2983,NA,3769,NA,2
"sol.27.7e",2021,2010,0.2133,0.29,3427,NA,4857,NA,2
"sol.27.7e",2021,2011,0.2059,0.29,3536,NA,3458,NA,2
"sol.27.7e",2021,2012,0.2318,0.29,3726,NA,3507,NA,2
"sol.27.7e",2021,2013,0.2378,0.29,3640,NA,3202,NA,2
"sol.27.7e",2021,2014,0.2155,0.29,3897,NA,3382,NA,2
"sol.27.7e",2021,2015,0.1921,0.29,3941,NA,4172,NA,2
"sol.27.7e",2021,2016,0.2152,0.29,4457,NA,5715,NA,2
"sol.27.7e",2021,2017,0.1879,0.29,4212,NA,4605,NA,2
"sol.27.7e",2021,2018,0.2353,0.29,4471,NA,8338,NA,2
"sol.27.7e",2021,2019,0.2712,0.29,4749,NA,6486,NA,2
"sol.27.7e",2021,2020,0.2579,0.29,5236,NA,11728,NA,2
"sol.27.7e",2021,2021,NA,0.29,6082,NA,4967,NA,2
"sol.27.7fg",2021,1971,0.309899055532382,0.251,6647,6034,8868,13033,1
"sol.27.7fg",2021,1972,0.284138315572986,0.251,5735,3196,4536,6439,1
"sol.27.7fg",2021,1973,0.263954861149687,0.251,5909,2404,3414,4849,1
"sol.27.7fg",2021,1974,0.24951682244787,0.251,5532,2444,3473,4935,1
"sol.27.7fg",2021,1975,0.24254090792191,0.251,5061,2452,3497,4988,1
"sol.27.7fg",2021,1976,0.281694637923915,0.251,4542,3757,5304,7489,1
"sol.27.7fg",2021,1977,0.254180893702144,0.251,4357,3437,4845,6830,1
"sol.27.7fg",2021,1978,0.229913251047042,0.251,4424,3678,5218,7401,1
"sol.27.7fg",2021,1979,0.245618991582726,0.251,4626,2576,3684,5270,1
"sol.27.7fg",2021,1980,0.280424186836929,0.251,4610,3486,4911,6920,1
"sol.27.7fg",2021,1981,0.317519855575802,0.251,4252,3587,5055,7125,1
"sol.27.7fg",2021,1982,0.334834973858119,0.251,4129,3562,5028,7095,1
"sol.27.7fg",2021,1983,0.353752065944251,0.251,4073,4585,6490,9188,1
"sol.27.7fg",2021,1984,0.357936579845396,0.251,4202,4013,5690,8067,1
"sol.27.7fg",2021,1985,0.386718571320651,0.251,3925,3971,5630,7984,1
"sol.27.7fg",2021,1986,0.426905982753544,0.251,4059,2768,3922,5557,1
"sol.27.7fg",2021,1987,0.420859268590716,0.251,3577,4067,5693,7970,1
"sol.27.7fg",2021,1988,0.411551462498102,0.251,3286,3321,4607,6391,1
"sol.27.7fg",2021,1989,0.388591536541365,0.251,3107,3488,4837,6708,1
"sol.27.7fg",2021,1990,0.409363672882483,0.251,2883,5337,7431,10346,1
"sol.27.7fg",2021,1991,0.394468314745663,0.251,3195,3576,4930,6797,1
"sol.27.7fg",2021,1992,0.385552493299051,0.251,3258,3676,5042,6916,1
"sol.27.7fg",2021,1993,0.414911554831738,0.251,3049,3442,4736,6517,1
"sol.27.7fg",2021,1994,0.451039526847088,0.251,2818,3140,4311,5918,1
"sol.27.7fg",2021,1995,0.497828566927738,0.251,2732,2733,3775,5216,1
"sol.27.7fg",2021,1996,0.501848715132264,0.251,2467,3171,4380,6051,1
"sol.27.7fg",2021,1997,0.512284182624165,0.251,2191,4582,6317,8710,1
"sol.27.7fg",2021,1998,0.48064327209958,0.251,2406,5629,7848,10942,1
"sol.27.7fg",2021,1999,0.423377133974981,0.251,2667,9816,13725,19192,1
"sol.27.7fg",2021,2000,0.367323169984222,0.251,2896,6643,9129,12546,1
"sol.27.7fg",2021,2001,0.360993842994987,0.251,4333,4081,5650,7823,1
"sol.27.7fg",2021,2002,0.370476115067509,0.251,4416,5165,7103,9769,1
"sol.27.7fg",2021,2003,0.407422495091587,0.251,4152,3921,5371,7356,1
"sol.27.7fg",2021,2004,0.423276092320956,0.251,4062,3476,4726,6427,1
"sol.27.7fg",2021,2005,0.410994062398276,0.251,3677,3113,4206,5681,1
"sol.27.7fg",2021,2006,0.392873850605665,0.251,3232,2560,3467,4695,1
"sol.27.7fg",2021,2007,0.371813191992687,0.251,2958,2816,3815,5167,1
"sol.27.7fg",2021,2008,0.341515403290106,0.251,2926,5307,7326,10115,1
"sol.27.7fg",2021,2009,0.322558003743728,0.251,3032,5065,6865,9306,1
"sol.27.7fg",2021,2010,0.30901218254184,0.251,3339,2261,3130,4332,1
"sol.27.7fg",2021,2011,0.315102767945662,0.251,3639,4036,5454,7372,1
"sol.27.7fg",2021,2012,0.338260091355693,0.251,3577,4830,6517,8793,1
"sol.27.7fg",2021,2013,0.339065102336515,0.251,3485,3898,5292,7186,1
"sol.27.7fg",2021,2014,0.338966377357981,0.251,3743,2965,4060,5561,1
"sol.27.7fg",2021,2015,0.306342139023186,0.251,3597,5924,8041,10914,1
"sol.27.7fg",2021,2016,0.274280520389575,0.251,3669,6082,8180,11001,1
"sol.27.7fg",2021,2017,0.246165577190984,0.251,4045,10417,14256,19508,1
"sol.27.7fg",2021,2018,0.232036365397026,0.251,5080,4502,6389,9068,1
"sol.27.7fg",2021,2019,0.242530174448636,0.251,5793,4757,7621,12208,1
"sol.27.7fg",2021,2020,0.268728180159686,0.251,5811,3164,6434,13083,1
"sol.27.7fg",2021,2021,NA,0.251,6138,3414,5055,13725,1
"whb.27.1-91214",2021,1981,0.258,0.32,2843799,2551853,3946080,6102055,1
"whb.27.1-91214",2021,1982,0.221,0.32,2302366,3008509,4696923,7332898,1
"whb.27.1-91214",2021,1983,0.255,0.32,1856506,11775650,18021467,27580072,1
"whb.27.1-91214",2021,1984,0.319,0.32,1750611,11823410,17927420,27182717,1
"whb.27.1-91214",2021,1985,0.357,0.32,2086876,6344090,9575365,14452447,1
"whb.27.1-91214",2021,1986,0.436,0.32,2269479,4832635,7251591,10881347,1
"whb.27.1-91214",2021,1987,0.42,0.32,1930865,6058765,9110901,13700566,1
"whb.27.1-91214",2021,1988,0.441,0.32,1637715,4280013,6440989,9693041,1
"whb.27.1-91214",2021,1989,0.529,0.32,1547055,5656169,8544270,12907066,1
"whb.27.1-91214",2021,1990,0.517,0.32,1358764,12204475,18706545,28672664,1
"whb.27.1-91214",2021,1991,0.291,0.32,1778560,5832076,9030557,13983178,1
"whb.27.1-91214",2021,1992,0.233,0.32,2458361,4385689,6712684,10274357,1
"whb.27.1-91214",2021,1993,0.204,0.32,2540185,3228601,4997346,7735075,1
"whb.27.1-91214",2021,1994,0.184,0.32,2534082,5285973,8107500,12435091,1
"whb.27.1-91214",2021,1995,0.241,0.32,2311535,6166052,9366200,14227206,1
"whb.27.1-91214",2021,1996,0.296,0.32,2210376,18407554,27896658,42277400,1
"whb.27.1-91214",2021,1997,0.3,0.32,2464353,29460840,44565707,67414990,1
"whb.27.1-91214",2021,1998,0.404,0.32,3669862,17791745,26745578,40205497,1
"whb.27.1-91214",2021,1999,0.389,0.32,4432233,13544156,20454274,30889878,1
"whb.27.1-91214",2021,2000,0.477,0.32,4230752,25926555,39231005,59362755,1
"whb.27.1-91214",2021,2001,0.467,0.32,4568522,37101728,55702658,83629152,1
"whb.27.1-91214",2021,2002,0.473,0.32,5400006,32563927,48895878,73418876,1
"whb.27.1-91214",2021,2003,0.502,0.32,6849571,35556956,52676531,78038651,1
"whb.27.1-91214",2021,2004,0.54,0.32,6755492,19265060,28616022,42505797,1
"whb.27.1-91214",2021,2005,0.505,0.32,6018029,15018310,22242605,32942020,1
"whb.27.1-91214",2021,2006,0.459,0.32,5870609,6072432,9091134,13610481,1
"whb.27.1-91214",2021,2007,0.458,0.32,4666706,3298315,4952577,7436530,1
"whb.27.1-91214",2021,2008,0.403,0.32,3593810,3846303,5842915,8875965,1
"whb.27.1-91214",2021,2009,0.261,0.32,2758087,3675852,5763280,9036107,1
"whb.27.1-91214",2021,2010,0.182,0.32,2689104,10024968,15334306,23455530,1
"whb.27.1-91214",2021,2011,0.052,0.32,2713450,12696647,19236335,29144431,1
"whb.27.1-91214",2021,2012,0.112,0.32,3445804,12878334,19175444,28551649,1
"whb.27.1-91214",2021,2013,0.196,0.32,3768379,10807867,16039501,23803549,1
"whb.27.1-91214",2021,2014,0.38,0.32,4004460,24799212,37131235,55595662,1
"whb.27.1-91214",2021,2015,0.498,0.32,4177415,42154778,62818315,93610758,1
"whb.27.1-91214",2021,2016,0.439,0.32,4900689,22968425,34221938,50989175,1
"whb.27.1-91214",2021,2017,0.418,0.32,6058300,7599119,11565966,17603565,1
"whb.27.1-91214",2021,2018,0.426,0.32,5916510,7806099,12061390,18636342,1
"whb.27.1-91214",2021,2019,0.395,0.32,5061219,7890921,13079208,21678799,1
"whb.27.1-91214",2021,2020,0.463,0.32,4151143,12759097,22788112,40700221,1
"whb.27.1-91214",2021,2021,0.508,0.32,3444751,13152311,29805438,67544339,1
"whg.27.6a",2021,1981,0.137,0.21,107907,465262,812632,1419351,0
"whg.27.6a",2021,1982,0.202,0.21,91186,501677,832298,1380808,0
"whg.27.6a",2021,1983,0.3,0.21,66830,657335,1082047,1781169,0
"whg.27.6a",2021,1984,0.377,0.21,46649,535282,880298,1447695,0
"whg.27.6a",2021,1985,0.44,0.21,37750,445080,743245,1241153,0
"whg.27.6a",2021,1986,0.315,0.21,31897,805575,1354517,2277523,0
"whg.27.6a",2021,1987,0.441,0.21,35418,306843,510155,848182,0
"whg.27.6a",2021,1988,0.51,0.21,39816,440604,749690,1275601,0
"whg.27.6a",2021,1989,0.461,0.21,25907,400876,657216,1077470,0
"whg.27.6a",2021,1990,0.318,0.21,24534,527857,860236,1401908,0
"whg.27.6a",2021,1991,0.321,0.21,26839,699569,1145112,1874414,0
"whg.27.6a",2021,1992,0.309,0.21,32503,473316,771780,1258450,0
"whg.27.6a",2021,1993,0.268,0.21,37876,483253,785939,1278212,0
"whg.27.6a",2021,1994,0.245,0.21,36128,469025,755366,1216520,0
"whg.27.6a",2021,1995,0.31,0.21,36436,433842,696054,1116743,0
"whg.27.6a",2021,1996,0.419,0.21,33321,410330,657609,1053908,0
"whg.27.6a",2021,1997,0.406,0.21,26628,417443,657222,1034728,0
"whg.27.6a",2021,1998,0.561,0.21,22647,252031,402613,643164,0
"whg.27.6a",2021,1999,0.565,0.21,17719,540952,866442,1387781,0
"whg.27.6a",2021,2000,0.601,0.21,15349,205250,328494,525742,0
"whg.27.6a",2021,2001,0.417,0.21,17600,126774,213390,359184,0
"whg.27.6a",2021,2002,0.375,0.21,13564,178714,287758,463337,0
"whg.27.6a",2021,2003,0.333,0.21,9820,138394,217260,341069,0
"whg.27.6a",2021,2004,0.394,0.21,8901,73390,117059,186712,0
"whg.27.6a",2021,2005,0.19,0.21,7292,66983,106349,168850,0
"whg.27.6a",2021,2006,0.162,0.21,6530,40679,65960,106951,0
"whg.27.6a",2021,2007,0.129,0.21,6301,36687,59396,96160,0
"whg.27.6a",2021,2008,0.1,0.21,5765,60072,98577,161761,0
"whg.27.6a",2021,2009,0.128,0.21,5800,182003,302352,502283,0
"whg.27.6a",2021,2010,0.153,0.21,7682,56583,96013,162923,0
"whg.27.6a",2021,2011,0.081,0.21,11751,123313,204747,339959,0
"whg.27.6a",2021,2012,0.101,0.21,12292,65608,113307,195684,0
"whg.27.6a",2021,2013,0.12,0.21,13564,151416,257644,438396,0
"whg.27.6a",2021,2014,0.06,0.21,12218,281295,477394,810199,0
"whg.27.6a",2021,2015,0.072,0.21,15676,190603,324234,551552,0
"whg.27.6a",2021,2016,0.059,0.21,22787,159543,268962,453425,0
"whg.27.6a",2021,2017,0.063,0.21,25361,116683,206089,364003,0
"whg.27.6a",2021,2018,0.051,0.21,24672,247842,427777,738345,0
"whg.27.6a",2021,2019,0.067,0.21,22757,266965,480698,865547,0
"whg.27.6a",2021,2020,0.065,0.21,26525,86502,202293,473082,0
"whg.27.6a",2021,2021,NA,0.21,30357,46062,202293,888426,0
"whg.27.7a",2021,1980,0.3516,0.219,35180,168490,542928,917366,0
"whg.27.7a",2021,1981,0.427,0.219,46274,52851,317099,581346,0
"whg.27.7a",2021,1982,0.494,0.219,34550,35434,281120,526806,0
"whg.27.7a",2021,1983,0.5117,0.219,21664,443941,881413,1318885,0
"whg.27.7a",2021,1984,0.6152,0.219,14604,243210,632132,1021055,0
"whg.27.7a",2021,1985,0.743,0.219,22445,166706,513038,859370,0
"whg.27.7a",2021,1986,0.5812,0.219,17993,423823,871624,1319425,0
"whg.27.7a",2021,1987,0.6119,0.219,16029,151282,472840,794397,0
"whg.27.7a",2021,1988,0.5209,0.219,20374,177772,484433,791095,0
"whg.27.7a",2021,1989,0.7333,0.219,16876,283336,594310,905284,0
"whg.27.7a",2021,1990,0.6252,0.219,12524,263693,517611,771529,0
"whg.27.7a",2021,1991,0.6329,0.219,13511,448286,668786,889286,0
"whg.27.7a",2021,1992,1.037,0.219,11566,161624,230093,298562,0
"whg.27.7a",2021,1993,0.8263,0.219,9414,158147,212460,266774,0
"whg.27.7a",2021,1994,0.8582,0.219,5414,134069,183093,232116,0
"whg.27.7a",2021,1995,0.8449,0.219,3900,261323,339894,418464,0
"whg.27.7a",2021,1996,0.9174,0.219,2701,152113,203161,254209,0
"whg.27.7a",2021,1997,0.8001,0.219,2954,124742,171419,218097,0
"whg.27.7a",2021,1998,1.124,0.219,2443,124734,167329,209924,0
"whg.27.7a",2021,1999,0.8863,0.219,1448,156442,208488,260533,0
"whg.27.7a",2021,2000,1.153,0.219,1421,79900,109709,139519,0
"whg.27.7a",2021,2001,0.9353,0.219,1256,143599,192756,241912,0
"whg.27.7a",2021,2002,1.278,0.219,1120,58612,79853,101093,0
"whg.27.7a",2021,2003,0.6394,0.219,1128,85934,121161,156388,0
"whg.27.7a",2021,2004,1.785,0.219,1198,71500,94481,117462,0
"whg.27.7a",2021,2005,0.4808,0.219,488.4,77313,105994,134674,0
"whg.27.7a",2021,2006,1.574,0.219,996.6,116654,154757,192859,0
"whg.27.7a",2021,2007,1.24,0.219,529.7,77315,103910,130505,0
"whg.27.7a",2021,2008,1.005,0.219,673.2,112698,149069,185441,0
"whg.27.7a",2021,2009,1.139,0.219,685.7,68614,92879,117144,0
"whg.27.7a",2021,2010,1.191,0.219,769.7,69308,92454,115599,0
"whg.27.7a",2021,2011,0.892,0.219,562.5,114206,151434,188663,0
"whg.27.7a",2021,2012,1.178,0.219,635,58166,79035,99903,0
"whg.27.7a",2021,2013,0.6792,0.219,776.7,116673,160728,204783,0
"whg.27.7a",2021,2014,1.552,0.219,880.2,151592,197009,242426,0
"whg.27.7a",2021,2015,1.009,0.219,623,95736,123897,152059,0
"whg.27.7a",2021,2016,0.5714,0.219,894.5,61717,82217,102716,0
"whg.27.7a",2021,2017,0.4542,0.219,1097,78939,104346,129754,0
"whg.27.7a",2021,2018,0.4513,0.219,1172,77946,108122,138299,0
"whg.27.7a",2021,2019,0.7307,0.219,1300,144729,207690,270651,0
"whg.27.7a",2021,2020,0.7595,0.219,1073,58842,129971,201099,0
"whg.27.7a",2021,2021,NA,0.219,1393,NA,119971,NA,0
"whg.27.7b-ce-k",2021,1999,0.804,0.375,61155,1630362,2164746,2874285,0
"whg.27.7b-ce-k",2021,2000,0.811,0.375,53303,1302778,1854498,2639869,0
"whg.27.7b-ce-k",2021,2001,0.893,0.375,64208,1100727,1406546,1797332,0
"whg.27.7b-ce-k",2021,2002,0.616,0.375,73921,996812,1270409,1619099,0
"whg.27.7b-ce-k",2021,2003,0.562,0.375,70959,754657,969463,1245413,0
"whg.27.7b-ce-k",2021,2004,0.706,0.375,64785,665849,843915,1069600,0
"whg.27.7b-ce-k",2021,2005,0.759,0.375,45709,594158,746124,936959,0
"whg.27.7b-ce-k",2021,2006,0.657,0.375,41667,608365,788980,1023217,0
"whg.27.7b-ce-k",2021,2007,1.143,0.375,38626,773793,977045,1233686,0
"whg.27.7b-ce-k",2021,2008,0.692,0.375,36493,950051,1201563,1519659,0
"whg.27.7b-ce-k",2021,2009,0.635,0.375,45959,975170,1400384,2011010,0
"whg.27.7b-ce-k",2021,2010,0.536,0.375,69991,547050,685700,859492,0
"whg.27.7b-ce-k",2021,2011,0.428,0.375,70233,519382,653475,822188,0
"whg.27.7b-ce-k",2021,2012,0.394,0.375,63302,468107,600632,770676,0
"whg.27.7b-ce-k",2021,2013,0.407,0.375,56931,927480,1414790,2158141,0
"whg.27.7b-ce-k",2021,2014,0.447,0.375,64149,443861,567204,724824,0
"whg.27.7b-ce-k",2021,2015,0.541,0.375,63702,401170,533781,710229,0
"whg.27.7b-ce-k",2021,2016,0.714,0.375,50810,245858,348159,493028,0
"whg.27.7b-ce-k",2021,2017,0.701,0.375,35894,206517,299364,433954,0
"whg.27.7b-ce-k",2021,2018,0.753,0.375,25981,346494,497185,713413,0
"whg.27.7b-ce-k",2021,2019,0.552,0.375,25705,206650,328106,520948,0
"whg.27.7b-ce-k",2021,2020,0.409,0.375,29668,191470,395701,817776,0
"whg.27.7b-ce-k",2021,2021,NA,0.375,28381,299364,533781,1414790,0
